id,trial,repeats,project,target_coq_file,success,outcome,outcome_detail,elapsed_seconds,post_copy_make_rc,verify_make_rc,skip_reason,tokens_api_calls,tokens_total,tokens_prompt_cache_hit,tokens_prompt_cache_miss,tokens_completion,tokens_reasoning,tokens_parse_source
65,1,20,fourcolor,theories/gridmap.v,0,no_proof_parsed,,547,0,-1,no_proof_parsed,1,43253,512,14747,27994,27957,stdout_last_line
65,2,20,fourcolor,theories/gridmap.v,0,no_proof_parsed,,359,0,-1,no_proof_parsed,1,41005,512,14734,25759,25742,stdout_last_line
65,3,20,fourcolor,theories/gridmap.v,0,runtime_error,prover err: None CoqTimeout,1202,0,-1,runtime_error,,,,,,,
65,4,20,fourcolor,theories/gridmap.v,0,no_proof_parsed,,524,0,-1,no_proof_parsed,1,42510,512,14749,27249,27212,stdout_last_line
65,5,20,fourcolor,theories/gridmap.v,0,no_proof_parsed,,273,0,-1,no_proof_parsed,1,26987,512,14734,11741,11707,stdout_last_line
65,6,20,fourcolor,theories/gridmap.v,0,no_proof_parsed,,526,0,-1,no_proof_parsed,1,38411,512,14734,23165,23120,stdout_last_line
65,7,20,fourcolor,theories/gridmap.v,0,no_proof_parsed,,620,0,-1,no_proof_parsed,1,37084,512,14734,21838,21790,stdout_last_line
65,8,20,fourcolor,theories/gridmap.v,0,no_proof_parsed,,338,0,-1,no_proof_parsed,1,29761,512,14734,14515,14455,stdout_last_line
65,9,20,fourcolor,theories/gridmap.v,0,no_proof_parsed,,437,0,-1,no_proof_parsed,1,40359,512,14734,25113,25071,stdout_last_line
65,10,20,fourcolor,theories/gridmap.v,0,no_proof_parsed,,296,0,-1,no_proof_parsed,1,26695,512,14734,11449,11429,stdout_last_line
65,11,20,fourcolor,theories/gridmap.v,0,no_proof_parsed,,416,0,-1,no_proof_parsed,1,34806,512,14734,19560,19515,stdout_last_line
65,12,20,fourcolor,theories/gridmap.v,0,no_proof_parsed,,357,0,-1,no_proof_parsed,1,34788,512,14734,19542,19518,stdout_last_line
65,13,20,fourcolor,theories/gridmap.v,0,no_proof_parsed,,429,0,-1,no_proof_parsed,1,37132,512,14734,21886,21840,stdout_last_line
65,14,20,fourcolor,theories/gridmap.v,0,no_proof_parsed,,214,0,-1,no_proof_parsed,1,23273,512,14734,8027,7982,stdout_last_line
65,15,20,fourcolor,theories/gridmap.v,0,no_proof_parsed,,469,0,-1,no_proof_parsed,1,37237,512,14749,21976,21936,stdout_last_line
65,16,20,fourcolor,theories/gridmap.v,0,no_proof_parsed,,415,0,-1,no_proof_parsed,1,35354,640,14606,20108,20065,stdout_last_line
65,17,20,fourcolor,theories/gridmap.v,0,no_proof_parsed,,479,0,-1,no_proof_parsed,1,43639,512,14734,28393,28369,stdout_last_line
65,18,20,fourcolor,theories/gridmap.v,0,no_proof_parsed,,299,0,-1,no_proof_parsed,1,30867,512,14734,15621,15601,stdout_last_line
65,19,20,fourcolor,theories/gridmap.v,0,no_proof_parsed,,276,0,-1,no_proof_parsed,1,28847,512,14734,13601,13574,stdout_last_line
65,20,20,fourcolor,theories/gridmap.v,0,no_proof_parsed,,280,0,-1,no_proof_parsed,1,28264,512,14734,13018,12994,stdout_last_line
124,1,20,compcert,backend/Locations.v,0,no_proof_parsed,,983,0,-1,no_proof_parsed,1,86737,384,8402,77951,77230,stdout_last_line
124,2,20,compcert,backend/Locations.v,0,no_proof_parsed,,837,0,-1,no_proof_parsed,1,77703,512,8274,68917,68096,stdout_last_line
124,3,20,compcert,backend/Locations.v,0,no_proof_parsed,,733,0,-1,no_proof_parsed,1,51217,384,8402,42431,41089,stdout_last_line
124,4,20,compcert,backend/Locations.v,0,no_proof_parsed,,1001,0,-1,no_proof_parsed,1,57710,384,8402,48924,48722,stdout_last_line
124,5,20,compcert,backend/Locations.v,0,no_proof_parsed,,1011,0,-1,no_proof_parsed,1,57373,384,8402,48587,47694,stdout_last_line
124,6,20,compcert,backend/Locations.v,0,no_proof_parsed,,944,0,-1,no_proof_parsed,1,61934,384,8402,53148,52905,stdout_last_line
124,7,20,compcert,backend/Locations.v,0,no_proof_parsed,,1254,0,-1,no_proof_parsed,1,112320,384,8402,103534,102469,stdout_last_line
124,8,20,compcert,backend/Locations.v,0,no_proof_parsed,,718,0,-1,no_proof_parsed,1,63642,384,8402,54856,53963,stdout_last_line
124,9,20,compcert,backend/Locations.v,0,no_proof_parsed,,724,0,-1,no_proof_parsed,1,72120,384,8402,63334,62749,stdout_last_line
124,10,20,compcert,backend/Locations.v,0,no_proof_parsed,,778,0,-1,no_proof_parsed,1,80288,384,8402,71502,70466,stdout_last_line
124,11,20,compcert,backend/Locations.v,0,no_proof_parsed,,885,0,-1,no_proof_parsed,1,54451,384,8402,45665,45295,stdout_last_line
124,12,20,compcert,backend/Locations.v,0,no_proof_parsed,,1007,0,-1,no_proof_parsed,1,68711,512,8274,59925,59480,stdout_last_line
124,13,20,compcert,backend/Locations.v,0,no_proof_parsed,,1069,0,-1,no_proof_parsed,1,96087,512,8274,87301,86992,stdout_last_line
124,14,20,compcert,backend/Locations.v,0,no_proof_parsed,,986,0,-1,no_proof_parsed,1,57404,8704,82,48618,48147,stdout_last_line
124,15,20,compcert,backend/Locations.v,0,no_proof_parsed,,932,0,-1,no_proof_parsed,1,53955,512,8274,45169,44551,stdout_last_line
124,16,20,compcert,backend/Locations.v,0,no_proof_parsed,,1093,0,-1,no_proof_parsed,1,78989,512,8274,70203,69796,stdout_last_line
124,17,20,compcert,backend/Locations.v,0,no_proof_parsed,,965,0,-1,no_proof_parsed,1,63771,384,8402,54985,54529,stdout_last_line
124,18,20,compcert,backend/Locations.v,0,no_proof_parsed,,876,0,-1,no_proof_parsed,1,61505,384,8402,52719,52255,stdout_last_line
124,19,20,compcert,backend/Locations.v,0,no_proof_parsed,,670,0,-1,no_proof_parsed,1,51792,512,8274,43006,42588,stdout_last_line
124,20,20,compcert,backend/Locations.v,0,no_proof_parsed,,913,0,-1,no_proof_parsed,1,75659,384,8402,66873,66783,stdout_last_line
270,1,20,compcert,backend/Unusedglobproof.v,0,no_proof_parsed,,789,0,-1,no_proof_parsed,1,69254,384,13317,55553,54722,stdout_last_line
270,2,20,compcert,backend/Unusedglobproof.v,0,no_proof_parsed,,783,0,-1,no_proof_parsed,1,68787,640,13061,55086,54063,stdout_last_line
270,3,20,compcert,backend/Unusedglobproof.v,0,no_proof_parsed,,679,0,-1,no_proof_parsed,1,68634,384,13255,54995,53809,stdout_last_line
270,4,20,compcert,backend/Unusedglobproof.v,0,no_proof_parsed,,1023,0,-1,no_proof_parsed,1,59936,384,13058,46494,45510,stdout_last_line
270,5,20,compcert,backend/Unusedglobproof.v,0,no_proof_parsed,,787,0,-1,no_proof_parsed,1,53518,384,13255,39879,39082,stdout_last_line
270,6,20,compcert,backend/Unusedglobproof.v,0,no_proof_parsed,,669,0,-1,no_proof_parsed,1,63348,384,13317,49647,49023,stdout_last_line
270,7,20,compcert,backend/Unusedglobproof.v,0,no_proof_parsed,,788,0,-1,no_proof_parsed,1,72439,512,13127,58800,57865,stdout_last_line
270,8,20,compcert,backend/Unusedglobproof.v,0,no_proof_parsed,,710,0,-1,no_proof_parsed,1,56884,640,12999,43245,42519,stdout_last_line
270,9,20,compcert,backend/Unusedglobproof.v,0,no_proof_parsed,,1087,0,-1,no_proof_parsed,1,65926,384,13058,52484,51793,stdout_last_line
270,10,20,compcert,backend/Unusedglobproof.v,0,no_proof_parsed,,682,0,-1,no_proof_parsed,1,65787,384,13317,52086,51249,stdout_last_line
270,11,20,compcert,backend/Unusedglobproof.v,0,no_proof_parsed,,983,0,-1,no_proof_parsed,1,49778,512,13189,36077,35107,stdout_last_line
270,12,20,compcert,backend/Unusedglobproof.v,0,no_proof_parsed,,794,0,-1,no_proof_parsed,1,59483,384,13317,45782,45426,stdout_last_line
270,13,20,compcert,backend/Unusedglobproof.v,0,no_proof_parsed,,517,0,-1,no_proof_parsed,1,51237,512,12930,37795,37004,stdout_last_line
270,14,20,compcert,backend/Unusedglobproof.v,0,no_proof_parsed,,1092,0,-1,no_proof_parsed,1,52738,13696,5,39037,38273,stdout_last_line
270,15,20,compcert,backend/Unusedglobproof.v,0,no_proof_parsed,,599,0,-1,no_proof_parsed,1,61265,384,13317,47564,47074,stdout_last_line
270,16,20,compcert,backend/Unusedglobproof.v,0,no_proof_parsed,,677,0,-1,no_proof_parsed,1,57338,1280,12359,43699,42942,stdout_last_line
270,17,20,compcert,backend/Unusedglobproof.v,0,no_proof_parsed,,455,0,-1,no_proof_parsed,1,49806,1280,12421,36105,35340,stdout_last_line
270,18,20,compcert,backend/Unusedglobproof.v,0,no_proof_parsed,,641,0,-1,no_proof_parsed,1,62706,512,13189,49005,48414,stdout_last_line
270,19,20,compcert,backend/Unusedglobproof.v,0,no_proof_parsed,,818,0,-1,no_proof_parsed,1,57597,384,13255,43958,43435,stdout_last_line
270,20,20,compcert,backend/Unusedglobproof.v,0,no_proof_parsed,,526,0,-1,no_proof_parsed,1,55128,512,13127,41489,40662,stdout_last_line
432,1,20,math-classes,orders/semirings.v,0,extract_failed,,38,0,-1,extract_failed,,,,,,,
432,2,20,math-classes,orders/semirings.v,0,extract_failed,,44,0,-1,extract_failed,,,,,,,
432,3,20,math-classes,orders/semirings.v,0,extract_failed,,38,0,-1,extract_failed,,,,,,,
432,4,20,math-classes,orders/semirings.v,0,extract_failed,,39,0,-1,extract_failed,,,,,,,
432,5,20,math-classes,orders/semirings.v,0,extract_failed,,35,0,-1,extract_failed,,,,,,,
432,6,20,math-classes,orders/semirings.v,0,extract_failed,,34,0,-1,extract_failed,,,,,,,
432,7,20,math-classes,orders/semirings.v,0,extract_failed,,34,0,-1,extract_failed,,,,,,,
432,8,20,math-classes,orders/semirings.v,0,extract_failed,,35,0,-1,extract_failed,,,,,,,
432,9,20,math-classes,orders/semirings.v,0,extract_failed,,35,0,-1,extract_failed,,,,,,,
432,10,20,math-classes,orders/semirings.v,0,extract_failed,,33,0,-1,extract_failed,,,,,,,
432,11,20,math-classes,orders/semirings.v,0,extract_failed,,33,0,-1,extract_failed,,,,,,,
432,12,20,math-classes,orders/semirings.v,0,extract_failed,,33,0,-1,extract_failed,,,,,,,
432,13,20,math-classes,orders/semirings.v,0,extract_failed,,35,0,-1,extract_failed,,,,,,,
432,14,20,math-classes,orders/semirings.v,0,extract_failed,,36,0,-1,extract_failed,,,,,,,
432,15,20,math-classes,orders/semirings.v,0,extract_failed,,36,0,-1,extract_failed,,,,,,,
432,16,20,math-classes,orders/semirings.v,0,extract_failed,,35,0,-1,extract_failed,,,,,,,
432,17,20,math-classes,orders/semirings.v,0,extract_failed,,31,0,-1,extract_failed,,,,,,,
432,18,20,math-classes,orders/semirings.v,0,extract_failed,,30,0,-1,extract_failed,,,,,,,
432,19,20,math-classes,orders/semirings.v,0,extract_failed,,31,0,-1,extract_failed,,,,,,,
432,20,20,math-classes,orders/semirings.v,0,extract_failed,,33,0,-1,extract_failed,,,,,,,
1225,1,20,compcert,MenhirLib/Interpreter_complete.v,0,no_proof_parsed,,299,0,-1,no_proof_parsed,1,40064,512,19163,20389,20357,stdout_last_line
1225,2,20,compcert,MenhirLib/Interpreter_complete.v,0,no_proof_parsed,,783,0,-1,no_proof_parsed,1,87729,512,19169,68048,68016,stdout_last_line
1225,3,20,compcert,MenhirLib/Interpreter_complete.v,0,no_proof_parsed,,644,0,-1,no_proof_parsed,1,69700,512,19163,50025,49993,stdout_last_line
1225,4,20,compcert,MenhirLib/Interpreter_complete.v,0,no_proof_parsed,,474,0,-1,no_proof_parsed,1,59309,512,19110,39687,39671,stdout_last_line
1225,5,20,compcert,MenhirLib/Interpreter_complete.v,0,no_proof_parsed,,884,0,-1,no_proof_parsed,1,91082,512,19110,71460,71444,stdout_last_line
1225,6,20,compcert,MenhirLib/Interpreter_complete.v,0,no_proof_parsed,,290,0,-1,no_proof_parsed,1,38096,512,19163,18421,18391,stdout_last_line
1225,7,20,compcert,MenhirLib/Interpreter_complete.v,0,no_proof_parsed,,537,0,-1,no_proof_parsed,1,62289,512,19163,42614,42584,stdout_last_line
1225,8,20,compcert,MenhirLib/Interpreter_complete.v,0,no_proof_parsed,,627,0,-1,no_proof_parsed,1,70798,512,19163,51123,51091,stdout_last_line
1225,9,20,compcert,MenhirLib/Interpreter_complete.v,0,no_proof_parsed,,366,0,-1,no_proof_parsed,1,48037,512,19110,28415,28397,stdout_last_line
1225,10,20,compcert,MenhirLib/Interpreter_complete.v,0,no_proof_parsed,,733,0,-1,no_proof_parsed,1,75655,512,19163,55980,55948,stdout_last_line
1225,11,20,compcert,MenhirLib/Interpreter_complete.v,0,no_proof_parsed,,465,0,-1,no_proof_parsed,1,62101,512,19110,42479,42449,stdout_last_line
1225,12,20,compcert,MenhirLib/Interpreter_complete.v,0,no_proof_parsed,,776,0,-1,no_proof_parsed,1,80018,512,19110,60396,60376,stdout_last_line
1225,13,20,compcert,MenhirLib/Interpreter_complete.v,0,no_proof_parsed,,916,0,-1,no_proof_parsed,1,93580,512,19183,73885,73850,stdout_last_line
1225,14,20,compcert,MenhirLib/Interpreter_complete.v,0,no_proof_parsed,,459,0,-1,no_proof_parsed,1,61241,512,19110,41619,41556,stdout_last_line
1225,15,20,compcert,MenhirLib/Interpreter_complete.v,0,no_proof_parsed,,889,0,-1,no_proof_parsed,1,101845,512,19169,82164,80619,stdout_last_line
1225,16,20,compcert,MenhirLib/Interpreter_complete.v,0,no_proof_parsed,,756,0,-1,no_proof_parsed,1,78270,512,19163,58595,58534,stdout_last_line
1225,17,20,compcert,MenhirLib/Interpreter_complete.v,0,no_proof_parsed,,484,0,-1,no_proof_parsed,1,60307,768,18907,40632,40600,stdout_last_line
1225,18,20,compcert,MenhirLib/Interpreter_complete.v,0,no_proof_parsed,,794,0,-1,no_proof_parsed,1,91679,768,18907,72004,71972,stdout_last_line
1225,19,20,compcert,MenhirLib/Interpreter_complete.v,0,no_proof_parsed,,251,0,-1,no_proof_parsed,1,46251,768,18907,26576,26560,stdout_last_line
1225,20,20,compcert,MenhirLib/Interpreter_complete.v,0,no_proof_parsed,,759,0,-1,no_proof_parsed,1,92280,512,19163,72605,72134,stdout_last_line
1355,1,20,compcert,x86/SelectOpproof.v,0,no_proof_parsed,,1099,0,-1,no_proof_parsed,1,76931,384,13999,62548,61696,stdout_last_line
1355,2,20,compcert,x86/SelectOpproof.v,0,no_proof_parsed,,617,0,-1,no_proof_parsed,1,59576,1280,13225,45071,44590,stdout_last_line
1355,3,20,compcert,x86/SelectOpproof.v,0,no_proof_parsed,,856,0,-1,no_proof_parsed,1,86231,1664,11725,72842,70573,stdout_last_line
1355,4,20,compcert,x86/SelectOpproof.v,0,no_proof_parsed,,830,0,-1,no_proof_parsed,1,75758,512,15520,59726,57905,stdout_last_line
1355,5,20,compcert,x86/SelectOpproof.v,0,no_proof_parsed,,709,0,-1,no_proof_parsed,1,74625,384,13800,60441,58086,stdout_last_line
1355,6,20,compcert,x86/SelectOpproof.v,0,no_proof_parsed,,631,0,-1,no_proof_parsed,1,63915,1280,14172,48463,47545,stdout_last_line
1355,7,20,compcert,x86/SelectOpproof.v,0,no_proof_parsed,,825,0,-1,no_proof_parsed,1,68755,1536,12619,54600,51991,stdout_last_line
1355,8,20,compcert,x86/SelectOpproof.v,0,no_proof_parsed,,836,0,-1,no_proof_parsed,1,83500,1664,15058,66778,64107,stdout_last_line
1355,9,20,compcert,x86/SelectOpproof.v,0,no_proof_parsed,,1016,0,-1,no_proof_parsed,1,144460,512,12877,131071,131071,stdout_last_line
1355,10,20,compcert,x86/SelectOpproof.v,0,no_proof_parsed,,499,0,-1,no_proof_parsed,1,58323,384,16413,41526,41164,stdout_last_line
1355,11,20,compcert,x86/SelectOpproof.v,0,no_proof_parsed,,833,0,-1,no_proof_parsed,1,72219,512,12877,58830,57573,stdout_last_line
1355,12,20,compcert,x86/SelectOpproof.v,0,no_proof_parsed,,1060,0,-1,no_proof_parsed,1,75251,1664,11356,62231,60580,stdout_last_line
1355,13,20,compcert,x86/SelectOpproof.v,0,no_proof_parsed,,795,0,-1,no_proof_parsed,1,82476,1664,15761,65051,62402,stdout_last_line
1355,14,20,compcert,x86/SelectOpproof.v,0,no_proof_parsed,,508,0,-1,no_proof_parsed,1,56485,1664,13061,41760,40125,stdout_last_line
1355,15,20,compcert,x86/SelectOpproof.v,0,no_proof_parsed,,689,0,-1,no_proof_parsed,1,61173,1664,11948,47561,46252,stdout_last_line
1355,16,20,compcert,x86/SelectOpproof.v,0,no_proof_parsed,,1019,0,-1,no_proof_parsed,1,99603,1408,10525,87670,85496,stdout_last_line
1355,17,20,compcert,x86/SelectOpproof.v,0,no_proof_parsed,,926,0,-1,no_proof_parsed,1,89589,1664,11794,76131,73058,stdout_last_line
1355,18,20,compcert,x86/SelectOpproof.v,0,no_proof_parsed,,437,0,-1,no_proof_parsed,1,42364,1664,16222,24478,24464,stdout_last_line
1355,19,20,compcert,x86/SelectOpproof.v,0,no_proof_parsed,,575,0,-1,no_proof_parsed,1,57687,1664,13571,42452,40910,stdout_last_line
1355,20,20,compcert,x86/SelectOpproof.v,0,no_proof_parsed,,780,0,-1,no_proof_parsed,1,80785,1664,15337,63784,61561,stdout_last_line
2114,1,20,compcert,common/Globalenvs.v,0,no_proof_parsed,,475,0,-1,no_proof_parsed,1,42730,512,11916,30302,29172,stdout_last_line
2114,2,20,compcert,common/Globalenvs.v,0,no_proof_parsed,,1136,0,-1,no_proof_parsed,1,52464,512,11916,40036,39552,stdout_last_line
2114,3,20,compcert,common/Globalenvs.v,0,no_proof_parsed,,1115,0,-1,no_proof_parsed,1,60129,512,11916,47701,46944,stdout_last_line
2114,4,20,compcert,common/Globalenvs.v,0,no_proof_parsed,,1208,0,-1,no_proof_parsed,1,50467,512,11377,38578,38043,stdout_last_line
2114,5,20,compcert,common/Globalenvs.v,0,no_proof_parsed,,1031,0,-1,no_proof_parsed,1,55367,512,11377,43478,42979,stdout_last_line
2114,6,20,compcert,common/Globalenvs.v,0,no_proof_parsed,,997,0,-1,no_proof_parsed,1,66578,512,11625,54441,53936,stdout_last_line
2114,7,20,compcert,common/Globalenvs.v,0,no_proof_parsed,,1211,0,-1,no_proof_parsed,1,74739,512,11625,62602,61996,stdout_last_line
2114,8,20,compcert,common/Globalenvs.v,0,no_proof_parsed,,1099,0,-1,no_proof_parsed,1,56257,512,11377,44368,43727,stdout_last_line
2114,9,20,compcert,common/Globalenvs.v,0,no_proof_parsed,,1145,0,-1,no_proof_parsed,1,99021,512,11377,87132,87010,stdout_last_line
2114,10,20,compcert,common/Globalenvs.v,0,no_proof_parsed,,1399,0,-1,no_proof_parsed,1,90074,512,11377,78185,77905,stdout_last_line
2114,11,20,compcert,common/Globalenvs.v,0,no_proof_parsed,,742,0,-1,no_proof_parsed,1,77080,512,11377,65191,63778,stdout_last_line
2114,12,20,compcert,common/Globalenvs.v,0,no_proof_parsed,,1002,0,-1,no_proof_parsed,1,102090,512,11377,90201,88194,stdout_last_line
2114,13,20,compcert,common/Globalenvs.v,0,no_proof_parsed,,822,0,-1,no_proof_parsed,1,81458,512,11625,69321,67031,stdout_last_line
2114,14,20,compcert,common/Globalenvs.v,0,no_proof_parsed,,649,0,-1,no_proof_parsed,1,67429,512,11916,55001,53456,stdout_last_line
2114,15,20,compcert,common/Globalenvs.v,0,no_proof_parsed,,973,0,-1,no_proof_parsed,1,103128,512,11625,90991,88934,stdout_last_line
2114,16,20,compcert,common/Globalenvs.v,0,no_proof_parsed,,608,0,-1,no_proof_parsed,1,58077,512,11625,45940,45247,stdout_last_line
2114,17,20,compcert,common/Globalenvs.v,0,no_proof_parsed,,947,0,-1,no_proof_parsed,1,62451,512,11916,50023,49115,stdout_last_line
2114,18,20,compcert,common/Globalenvs.v,0,no_proof_parsed,,899,0,-1,no_proof_parsed,1,45566,512,11625,33429,32910,stdout_last_line
2114,19,20,compcert,common/Globalenvs.v,0,no_proof_parsed,,1076,0,-1,no_proof_parsed,1,62359,512,11377,50470,49955,stdout_last_line
2114,20,20,compcert,common/Globalenvs.v,0,no_proof_parsed,,878,0,-1,no_proof_parsed,1,90497,512,11625,78360,76330,stdout_last_line
2290,1,20,compcert,flocq/Core/Ulp.v,0,no_proof_parsed,,847,0,-1,no_proof_parsed,1,63831,512,6711,56608,55863,stdout_last_line
2290,2,20,compcert,flocq/Core/Ulp.v,0,no_proof_parsed,,645,0,-1,no_proof_parsed,1,56835,512,6711,49612,48649,stdout_last_line
2290,3,20,compcert,flocq/Core/Ulp.v,0,no_proof_parsed,,984,0,-1,no_proof_parsed,1,89315,512,6711,82092,81372,stdout_last_line
2290,4,20,compcert,flocq/Core/Ulp.v,0,no_proof_parsed,,1124,0,-1,no_proof_parsed,1,109260,512,6711,102037,101013,stdout_last_line
2290,5,20,compcert,flocq/Core/Ulp.v,0,no_proof_parsed,,1067,0,-1,no_proof_parsed,1,86088,512,6711,78865,77760,stdout_last_line
2290,6,20,compcert,flocq/Core/Ulp.v,0,no_proof_parsed,,1019,0,-1,no_proof_parsed,1,102442,512,6711,95219,93963,stdout_last_line
2290,7,20,compcert,flocq/Core/Ulp.v,0,no_proof_parsed,,763,0,-1,no_proof_parsed,1,78114,384,6839,70891,69903,stdout_last_line
2290,8,20,compcert,flocq/Core/Ulp.v,0,no_proof_parsed,,903,0,-1,no_proof_parsed,1,79500,384,6839,72277,69923,stdout_last_line
2290,9,20,compcert,flocq/Core/Ulp.v,0,no_proof_parsed,,710,0,-1,no_proof_parsed,1,54755,512,6711,47532,46909,stdout_last_line
2290,10,20,compcert,flocq/Core/Ulp.v,0,no_proof_parsed,,487,0,-1,no_proof_parsed,1,61250,384,6839,54027,53333,stdout_last_line
2290,11,20,compcert,flocq/Core/Ulp.v,0,no_proof_parsed,,593,0,-1,no_proof_parsed,1,45333,512,6711,38110,37350,stdout_last_line
2290,12,20,compcert,flocq/Core/Ulp.v,0,no_proof_parsed,,600,0,-1,no_proof_parsed,1,51457,512,6711,44234,43585,stdout_last_line
2290,13,20,compcert,flocq/Core/Ulp.v,0,no_proof_parsed,,886,0,-1,no_proof_parsed,1,73852,512,6711,66629,65841,stdout_last_line
2290,14,20,compcert,flocq/Core/Ulp.v,0,no_proof_parsed,,589,0,-1,no_proof_parsed,1,53520,384,6839,46297,45392,stdout_last_line
2290,15,20,compcert,flocq/Core/Ulp.v,0,no_proof_parsed,,666,0,-1,no_proof_parsed,1,66978,512,6711,59755,58600,stdout_last_line
2290,16,20,compcert,flocq/Core/Ulp.v,0,no_proof_parsed,,768,0,-1,no_proof_parsed,1,80155,384,6839,72932,71830,stdout_last_line
2290,17,20,compcert,flocq/Core/Ulp.v,0,no_proof_parsed,,1080,0,-1,no_proof_parsed,1,80248,384,6839,73025,71961,stdout_last_line
2290,18,20,compcert,flocq/Core/Ulp.v,0,no_proof_parsed,,994,0,-1,no_proof_parsed,1,59299,512,6711,52076,51444,stdout_last_line
2290,19,20,compcert,flocq/Core/Ulp.v,0,no_proof_parsed,,839,0,-1,no_proof_parsed,1,60576,512,6711,53353,52602,stdout_last_line
2290,20,20,compcert,flocq/Core/Ulp.v,0,no_proof_parsed,,1041,0,-1,no_proof_parsed,1,97792,512,6711,90569,88758,stdout_last_line
2868,1,20,buchberger,theories/DivTerm.v,0,no_proof_parsed,,187,0,-1,no_proof_parsed,1,28303,640,11312,16351,15376,stdout_last_line
2868,2,20,buchberger,theories/DivTerm.v,0,no_proof_parsed,,306,0,-1,no_proof_parsed,1,36549,640,11312,24597,24401,stdout_last_line
2868,3,20,buchberger,theories/DivTerm.v,0,no_proof_parsed,,250,0,-1,no_proof_parsed,1,39122,640,11312,27170,26438,stdout_last_line
2868,4,20,buchberger,theories/DivTerm.v,0,no_proof_parsed,,288,0,-1,no_proof_parsed,1,27745,512,11440,15793,14913,stdout_last_line
2868,5,20,buchberger,theories/DivTerm.v,0,no_proof_parsed,,219,0,-1,no_proof_parsed,1,32464,512,11440,20512,19593,stdout_last_line
2868,6,20,buchberger,theories/DivTerm.v,0,no_proof_parsed,,653,0,-1,no_proof_parsed,1,124652,512,11440,112700,111907,stdout_last_line
2868,7,20,buchberger,theories/DivTerm.v,0,no_proof_parsed,,312,0,-1,no_proof_parsed,1,28784,640,11312,16832,15875,stdout_last_line
2868,8,20,buchberger,theories/DivTerm.v,0,no_proof_parsed,,220,0,-1,no_proof_parsed,1,32839,640,11304,20895,19864,stdout_last_line
2868,9,20,buchberger,theories/DivTerm.v,0,no_proof_parsed,,338,0,-1,no_proof_parsed,1,27200,640,11312,15248,14870,stdout_last_line
2868,10,20,buchberger,theories/DivTerm.v,0,no_proof_parsed,,184,0,-1,no_proof_parsed,1,24586,640,11312,12634,12195,stdout_last_line
2868,11,20,buchberger,theories/DivTerm.v,0,no_proof_parsed,,374,0,-1,no_proof_parsed,1,38222,640,11336,26246,25678,stdout_last_line
2868,12,20,buchberger,theories/DivTerm.v,0,no_proof_parsed,,402,0,-1,no_proof_parsed,1,33614,640,11312,21662,21419,stdout_last_line
2868,13,20,buchberger,theories/DivTerm.v,0,no_proof_parsed,,295,0,-1,no_proof_parsed,1,26643,640,11312,14691,13622,stdout_last_line
2868,14,20,buchberger,theories/DivTerm.v,0,no_proof_parsed,,148,0,-1,no_proof_parsed,1,25053,640,11312,13101,12061,stdout_last_line
2868,15,20,buchberger,theories/DivTerm.v,0,no_proof_parsed,,282,0,-1,no_proof_parsed,1,27061,640,11312,15109,14727,stdout_last_line
2868,16,20,buchberger,theories/DivTerm.v,0,no_proof_parsed,,218,0,-1,no_proof_parsed,1,31820,640,11304,19876,19213,stdout_last_line
2868,17,20,buchberger,theories/DivTerm.v,0,no_proof_parsed,,272,0,-1,no_proof_parsed,1,30732,640,11312,18780,18041,stdout_last_line
2868,18,20,buchberger,theories/DivTerm.v,0,no_proof_parsed,,117,0,-1,no_proof_parsed,1,24182,512,11438,12232,11372,stdout_last_line
2868,19,20,buchberger,theories/DivTerm.v,0,no_proof_parsed,,199,0,-1,no_proof_parsed,1,31081,512,11464,19105,18224,stdout_last_line
2868,20,20,buchberger,theories/DivTerm.v,0,no_proof_parsed,,337,0,-1,no_proof_parsed,1,31725,512,11440,19773,19362,stdout_last_line
3069,1,20,compcert,backend/ValueAnalysis.v,0,no_proof_parsed,,1109,0,-1,no_proof_parsed,1,89761,384,16861,72516,72400,stdout_last_line
3069,2,20,compcert,backend/ValueAnalysis.v,0,no_proof_parsed,,926,0,-1,no_proof_parsed,1,77625,384,16870,60371,60340,stdout_last_line
3069,3,20,compcert,backend/ValueAnalysis.v,0,no_proof_parsed,,1290,0,-1,no_proof_parsed,1,102559,512,16742,85305,84418,stdout_last_line
3069,4,20,compcert,backend/ValueAnalysis.v,0,no_proof_parsed,,816,0,-1,no_proof_parsed,1,63851,384,16861,46606,45831,stdout_last_line
3069,5,20,compcert,backend/ValueAnalysis.v,0,no_proof_parsed,,653,0,-1,no_proof_parsed,1,51267,384,16861,34022,33800,stdout_last_line
3069,6,20,compcert,backend/ValueAnalysis.v,0,no_proof_parsed,,1264,0,-1,no_proof_parsed,1,74799,384,16870,57545,56644,stdout_last_line
3069,7,20,compcert,backend/ValueAnalysis.v,0,no_proof_parsed,,1131,0,-1,no_proof_parsed,1,89421,384,16861,72176,70821,stdout_last_line
3069,8,20,compcert,backend/ValueAnalysis.v,0,no_proof_parsed,,907,0,-1,no_proof_parsed,1,70234,384,16861,52989,51486,stdout_last_line
3069,9,20,compcert,backend/ValueAnalysis.v,0,no_proof_parsed,,596,0,-1,no_proof_parsed,1,52968,384,16932,35652,34716,stdout_last_line
3069,10,20,compcert,backend/ValueAnalysis.v,0,no_proof_parsed,,1082,0,-1,no_proof_parsed,1,96847,512,16804,79531,78497,stdout_last_line
3069,11,20,compcert,backend/ValueAnalysis.v,0,no_proof_parsed,,802,0,-1,no_proof_parsed,1,73346,512,16742,56092,54549,stdout_last_line
3069,12,20,compcert,backend/ValueAnalysis.v,0,no_proof_parsed,,649,0,-1,no_proof_parsed,1,65690,384,16932,48374,47394,stdout_last_line
3069,13,20,compcert,backend/ValueAnalysis.v,0,no_proof_parsed,,728,0,-1,no_proof_parsed,1,54832,512,16742,37578,36658,stdout_last_line
3069,14,20,compcert,backend/ValueAnalysis.v,0,no_proof_parsed,,1167,0,-1,no_proof_parsed,1,59768,512,16733,42523,41646,stdout_last_line
3069,15,20,compcert,backend/ValueAnalysis.v,0,no_proof_parsed,,1222,0,-1,no_proof_parsed,1,74869,512,16804,57553,56581,stdout_last_line
3069,16,20,compcert,backend/ValueAnalysis.v,0,no_proof_parsed,,995,0,-1,no_proof_parsed,1,71683,512,16804,54367,53257,stdout_last_line
3069,17,20,compcert,backend/ValueAnalysis.v,0,no_proof_parsed,,796,0,-1,no_proof_parsed,1,65319,384,16870,48065,47742,stdout_last_line
3069,18,20,compcert,backend/ValueAnalysis.v,0,no_proof_parsed,,1462,0,-1,no_proof_parsed,1,60593,512,16742,43339,42232,stdout_last_line
3069,19,20,compcert,backend/ValueAnalysis.v,0,no_proof_parsed,,916,0,-1,no_proof_parsed,1,75375,512,16804,58059,57476,stdout_last_line
3069,20,20,compcert,backend/ValueAnalysis.v,0,no_proof_parsed,,991,0,-1,no_proof_parsed,1,91817,512,16742,74563,72690,stdout_last_line
3127,1,20,fourcolor,theories/embed.v,0,no_proof_parsed,,521,0,-1,no_proof_parsed,1,104897,1280,67233,36384,36235,stdout_last_line
3127,2,20,fourcolor,theories/embed.v,0,no_proof_parsed,,499,0,-1,no_proof_parsed,1,103246,1280,67233,34733,34718,stdout_last_line
3127,3,20,fourcolor,theories/embed.v,0,no_proof_parsed,,353,0,-1,no_proof_parsed,1,89127,1280,67233,20614,20600,stdout_last_line
3127,4,20,fourcolor,theories/embed.v,0,no_proof_parsed,,672,0,-1,no_proof_parsed,1,109454,1280,67233,40941,40904,stdout_last_line
3127,5,20,fourcolor,theories/embed.v,0,no_proof_parsed,,504,0,-1,no_proof_parsed,1,97632,1280,67233,29119,28982,stdout_last_line
3127,6,20,fourcolor,theories/embed.v,0,no_proof_parsed,,638,0,-1,no_proof_parsed,1,109967,1280,67233,41454,41436,stdout_last_line
3127,7,20,fourcolor,theories/embed.v,0,no_proof_parsed,,640,0,-1,no_proof_parsed,1,99596,2048,66465,31083,31065,stdout_last_line
3127,8,20,fourcolor,theories/embed.v,0,no_proof_parsed,,337,0,-1,no_proof_parsed,1,78813,1280,67194,10339,10328,stdout_last_line
3127,9,20,fourcolor,theories/embed.v,0,no_proof_parsed,,598,0,-1,no_proof_parsed,1,106743,1280,67233,38230,38116,stdout_last_line
3127,10,20,fourcolor,theories/embed.v,0,no_proof_parsed,,511,0,-1,no_proof_parsed,1,96355,1280,67233,27842,27721,stdout_last_line
3127,11,20,fourcolor,theories/embed.v,0,no_proof_parsed,,553,0,-1,no_proof_parsed,1,106186,1280,67233,37673,37338,stdout_last_line
3127,12,20,fourcolor,theories/embed.v,0,no_proof_parsed,,544,0,-1,no_proof_parsed,1,100951,1280,67233,32438,32418,stdout_last_line
3127,13,20,fourcolor,theories/embed.v,0,no_proof_parsed,,721,0,-1,no_proof_parsed,1,115055,1280,67233,46542,46237,stdout_last_line
3127,14,20,fourcolor,theories/embed.v,0,no_proof_parsed,,425,0,-1,no_proof_parsed,1,88038,1280,67233,19525,19483,stdout_last_line
3127,15,20,fourcolor,theories/embed.v,0,no_proof_parsed,,292,0,-1,no_proof_parsed,1,84348,1280,67233,15835,15821,stdout_last_line
3127,16,20,fourcolor,theories/embed.v,0,no_proof_parsed,,589,0,-1,no_proof_parsed,1,107373,1280,67233,38860,38821,stdout_last_line
3127,17,20,fourcolor,theories/embed.v,0,no_proof_parsed,,556,0,-1,no_proof_parsed,1,88767,1280,67233,20254,20163,stdout_last_line
3127,18,20,fourcolor,theories/embed.v,0,no_proof_parsed,,594,0,-1,no_proof_parsed,1,98484,1280,67233,29971,29927,stdout_last_line
3127,19,20,fourcolor,theories/embed.v,0,no_proof_parsed,,445,0,-1,no_proof_parsed,1,97026,1280,67233,28513,28379,stdout_last_line
3127,20,20,fourcolor,theories/embed.v,0,no_proof_parsed,,421,0,-1,no_proof_parsed,1,96466,1280,67233,27953,27919,stdout_last_line
3255,1,20,compcert,aarch64/Op.v,0,no_proof_parsed,,1894,0,-1,no_proof_parsed,,,,,,,
3255,2,20,compcert,aarch64/Op.v,0,no_proof_parsed,,1889,0,-1,no_proof_parsed,,,,,,,
3255,3,20,compcert,aarch64/Op.v,0,no_proof_parsed,,1066,0,-1,no_proof_parsed,1,147336,384,15880,131072,131072,stdout_last_line
3255,4,20,compcert,aarch64/Op.v,0,no_proof_parsed,,778,0,-1,no_proof_parsed,1,70477,16256,8,54213,51224,stdout_last_line
3255,5,20,compcert,aarch64/Op.v,0,no_proof_parsed,,1892,0,-1,no_proof_parsed,,,,,,,
3255,6,20,compcert,aarch64/Op.v,0,no_proof_parsed,,640,0,-1,no_proof_parsed,1,58682,384,15880,42418,42141,stdout_last_line
3255,7,20,compcert,aarch64/Op.v,0,no_proof_parsed,,1595,0,-1,no_proof_parsed,1,64201,384,16010,47807,40921,stdout_last_line
3255,8,20,compcert,aarch64/Op.v,0,no_proof_parsed,,458,0,-1,no_proof_parsed,1,36726,1280,15117,20329,20285,stdout_last_line
3255,9,20,compcert,aarch64/Op.v,0,no_proof_parsed,,954,0,-1,no_proof_parsed,1,55452,1280,15118,39054,38927,stdout_last_line
3255,10,20,compcert,aarch64/Op.v,0,no_proof_parsed,,552,0,-1,no_proof_parsed,1,50521,512,15752,34257,34188,stdout_last_line
3255,11,20,compcert,aarch64/Op.v,0,no_proof_parsed,,1906,0,-1,no_proof_parsed,,,,,,,
3255,12,20,compcert,aarch64/Op.v,0,no_proof_parsed,,331,0,-1,no_proof_parsed,1,27003,384,16009,10610,10547,stdout_last_line
3255,13,20,compcert,aarch64/Op.v,0,no_proof_parsed,,789,0,-1,no_proof_parsed,1,60919,384,16010,44525,44490,stdout_last_line
3255,14,20,compcert,aarch64/Op.v,0,no_proof_parsed,,1405,0,-1,no_proof_parsed,1,91262,384,16010,74868,66457,stdout_last_line
3255,15,20,compcert,aarch64/Op.v,0,no_proof_parsed,,1032,0,-1,no_proof_parsed,1,72864,384,15880,56600,47109,stdout_last_line
3255,16,20,compcert,aarch64/Op.v,0,no_proof_parsed,,605,0,-1,no_proof_parsed,1,53740,512,15752,37476,37440,stdout_last_line
3255,17,20,compcert,aarch64/Op.v,0,no_proof_parsed,,1259,0,-1,no_proof_parsed,1,62716,384,15880,46452,38711,stdout_last_line
3255,18,20,compcert,aarch64/Op.v,0,no_proof_parsed,,908,0,-1,no_proof_parsed,1,55911,512,15881,39518,39351,stdout_last_line
3255,19,20,compcert,aarch64/Op.v,0,no_proof_parsed,,696,0,-1,no_proof_parsed,1,48162,384,15880,31898,31861,stdout_last_line
3255,20,20,compcert,aarch64/Op.v,0,no_proof_parsed,,1512,0,-1,no_proof_parsed,1,68682,384,16007,52291,50082,stdout_last_line
3490,1,20,fourcolor,theories/embed.v,0,no_proof_parsed,,883,0,-1,no_proof_parsed,1,102351,1536,50580,50235,49539,stdout_last_line
3490,2,20,fourcolor,theories/embed.v,0,no_proof_parsed,,1601,0,-1,no_proof_parsed,1,126026,52096,20,73910,73440,stdout_last_line
3490,3,20,fourcolor,theories/embed.v,0,no_proof_parsed,,839,0,-1,no_proof_parsed,1,114097,896,51220,61981,61489,stdout_last_line
3490,4,20,fourcolor,theories/embed.v,0,no_proof_parsed,,1238,0,-1,no_proof_parsed,1,156268,896,51220,104152,103613,stdout_last_line
3490,5,20,fourcolor,theories/embed.v,0,no_proof_parsed,,1123,0,-1,no_proof_parsed,1,137221,896,51220,85105,84579,stdout_last_line
3490,6,20,fourcolor,theories/embed.v,0,no_proof_parsed,,1158,0,-1,no_proof_parsed,1,147231,896,51220,95115,95075,stdout_last_line
3490,7,20,fourcolor,theories/embed.v,0,no_proof_parsed,,444,0,-1,no_proof_parsed,1,85492,896,51220,33376,32984,stdout_last_line
3490,8,20,fourcolor,theories/embed.v,0,no_proof_parsed,,1385,0,-1,no_proof_parsed,1,168844,896,51220,116728,116190,stdout_last_line
3490,9,20,fourcolor,theories/embed.v,0,no_proof_parsed,,1154,0,-1,no_proof_parsed,1,151991,896,51220,99875,99169,stdout_last_line
3490,10,20,fourcolor,theories/embed.v,0,no_proof_parsed,,724,0,-1,no_proof_parsed,1,113085,896,51221,60968,60089,stdout_last_line
3490,11,20,fourcolor,theories/embed.v,0,no_proof_parsed,,711,0,-1,no_proof_parsed,1,99124,896,51220,47008,46063,stdout_last_line
3490,12,20,fourcolor,theories/embed.v,0,no_proof_parsed,,721,0,-1,no_proof_parsed,1,102772,1536,50617,50619,50533,stdout_last_line
3490,13,20,fourcolor,theories/embed.v,0,no_proof_parsed,,720,0,-1,no_proof_parsed,1,93871,1536,50580,41755,41354,stdout_last_line
3490,14,20,fourcolor,theories/embed.v,0,no_proof_parsed,,928,0,-1,no_proof_parsed,1,123430,896,51220,71314,70900,stdout_last_line
3490,15,20,fourcolor,theories/embed.v,0,no_proof_parsed,,770,0,-1,no_proof_parsed,1,104130,1536,50580,52014,51673,stdout_last_line
3490,16,20,fourcolor,theories/embed.v,0,no_proof_parsed,,1036,0,-1,no_proof_parsed,1,126198,1536,50580,74082,73796,stdout_last_line
3490,17,20,fourcolor,theories/embed.v,0,no_proof_parsed,,481,0,-1,no_proof_parsed,1,84529,896,51220,32413,31892,stdout_last_line
3490,18,20,fourcolor,theories/embed.v,0,no_proof_parsed,,694,0,-1,no_proof_parsed,1,92218,896,51220,40102,39687,stdout_last_line
3490,19,20,fourcolor,theories/embed.v,0,no_proof_parsed,,932,0,-1,no_proof_parsed,1,132791,896,51220,80675,79930,stdout_last_line
3490,20,20,fourcolor,theories/embed.v,0,no_proof_parsed,,954,0,-1,no_proof_parsed,1,111766,1536,50580,59650,59043,stdout_last_line
3503,1,20,buchberger,theories/Preduceplus.v,0,no_proof_parsed,,676,0,-1,no_proof_parsed,1,109145,640,31952,76553,74896,stdout_last_line
3503,2,20,buchberger,theories/Preduceplus.v,0,no_proof_parsed,,521,0,-1,no_proof_parsed,1,80080,640,31952,47488,46155,stdout_last_line
3503,3,20,buchberger,theories/Preduceplus.v,0,no_proof_parsed,,671,0,-1,no_proof_parsed,1,101431,640,31952,68839,66555,stdout_last_line
3503,4,20,buchberger,theories/Preduceplus.v,0,no_proof_parsed,,880,0,-1,no_proof_parsed,1,98576,640,31952,65984,64397,stdout_last_line
3503,5,20,buchberger,theories/Preduceplus.v,0,no_proof_parsed,,1386,0,-1,no_proof_parsed,1,163663,768,31824,131071,131071,stdout_last_line
3503,6,20,buchberger,theories/Preduceplus.v,0,no_proof_parsed,,1165,0,-1,no_proof_parsed,1,129240,640,31952,96648,93942,stdout_last_line
3503,7,20,buchberger,theories/Preduceplus.v,0,no_proof_parsed,,636,0,-1,no_proof_parsed,1,93002,640,31952,60410,58645,stdout_last_line
3503,8,20,buchberger,theories/Preduceplus.v,0,no_proof_parsed,,922,0,-1,no_proof_parsed,1,125618,768,31824,93026,90260,stdout_last_line
3503,9,20,buchberger,theories/Preduceplus.v,0,no_proof_parsed,,962,0,-1,no_proof_parsed,1,123222,640,31952,90630,88652,stdout_last_line
3503,10,20,buchberger,theories/Preduceplus.v,0,no_proof_parsed,,750,0,-1,no_proof_parsed,1,98849,640,31952,66257,64700,stdout_last_line
3503,11,20,buchberger,theories/Preduceplus.v,0,no_proof_parsed,,873,0,-1,no_proof_parsed,1,118538,640,31952,85946,84757,stdout_last_line
3503,12,20,buchberger,theories/Preduceplus.v,0,no_proof_parsed,,843,0,-1,no_proof_parsed,1,107818,640,31952,75226,73834,stdout_last_line
3503,13,20,buchberger,theories/Preduceplus.v,0,no_proof_parsed,,678,0,-1,no_proof_parsed,1,85045,640,32050,52355,50885,stdout_last_line
3503,14,20,buchberger,theories/Preduceplus.v,0,no_proof_parsed,,1259,0,-1,no_proof_parsed,1,156158,640,31952,123566,121012,stdout_last_line
3503,15,20,buchberger,theories/Preduceplus.v,0,no_proof_parsed,,724,0,-1,no_proof_parsed,1,104581,640,31952,71989,70051,stdout_last_line
3503,16,20,buchberger,theories/Preduceplus.v,0,no_proof_parsed,,1004,0,-1,no_proof_parsed,1,128351,640,31952,95759,94493,stdout_last_line
3503,17,20,buchberger,theories/Preduceplus.v,0,no_proof_parsed,,794,0,-1,no_proof_parsed,1,110965,640,31952,78373,76505,stdout_last_line
3503,18,20,buchberger,theories/Preduceplus.v,0,no_proof_parsed,,1175,0,-1,no_proof_parsed,1,148790,640,31952,116198,105668,stdout_last_line
3503,19,20,buchberger,theories/Preduceplus.v,0,runtime_error,prover err: None division by zero,28,0,-1,runtime_error,,,,,,,
3503,20,20,buchberger,theories/Preduceplus.v,0,no_proof_parsed,,568,0,-1,no_proof_parsed,1,83356,768,31824,50764,49297,stdout_last_line
4162,1,20,fourcolor,theories/hubcap.v,0,no_proof_parsed,,672,0,-1,no_proof_parsed,1,59699,14592,71,45036,45018,stdout_last_line
4162,2,20,fourcolor,theories/hubcap.v,0,no_proof_parsed,,549,0,-1,no_proof_parsed,1,49597,512,14007,35078,35036,stdout_last_line
4162,3,20,fourcolor,theories/hubcap.v,0,no_proof_parsed,,315,0,-1,no_proof_parsed,1,28708,512,13985,14211,14169,stdout_last_line
4162,4,20,fourcolor,theories/hubcap.v,0,no_proof_parsed,,757,0,-1,no_proof_parsed,1,74527,512,13985,60030,59988,stdout_last_line
4162,5,20,fourcolor,theories/hubcap.v,0,no_proof_parsed,,522,0,-1,no_proof_parsed,1,48967,512,14007,34448,34400,stdout_last_line
4162,6,20,fourcolor,theories/hubcap.v,0,no_proof_parsed,,365,0,-1,no_proof_parsed,1,33607,512,14359,18736,18691,stdout_last_line
4162,7,20,fourcolor,theories/hubcap.v,0,no_proof_parsed,,1619,0,-1,no_proof_parsed,1,127746,512,13958,113276,112407,stdout_last_line
4162,8,20,fourcolor,theories/hubcap.v,0,no_proof_parsed,,446,0,-1,no_proof_parsed,1,41616,768,13816,27032,27003,stdout_last_line
4162,9,20,fourcolor,theories/hubcap.v,0,no_proof_parsed,,307,0,-1,no_proof_parsed,1,26278,768,13751,11759,11710,stdout_last_line
4162,10,20,fourcolor,theories/hubcap.v,0,no_proof_parsed,,491,0,-1,no_proof_parsed,1,48627,512,13958,34157,34137,stdout_last_line
4162,11,20,fourcolor,theories/hubcap.v,0,no_proof_parsed,,402,0,-1,no_proof_parsed,1,28937,512,13985,14440,14410,stdout_last_line
4162,12,20,fourcolor,theories/hubcap.v,0,no_proof_parsed,,1456,0,-1,no_proof_parsed,1,81885,14592,41,67252,66536,stdout_last_line
4162,13,20,fourcolor,theories/hubcap.v,0,no_proof_parsed,,632,0,-1,no_proof_parsed,1,67509,512,14072,52925,52905,stdout_last_line
4162,14,20,fourcolor,theories/hubcap.v,0,no_proof_parsed,,625,0,-1,no_proof_parsed,1,52785,512,14007,38266,38219,stdout_last_line
4162,15,20,fourcolor,theories/hubcap.v,0,no_proof_parsed,,635,0,-1,no_proof_parsed,1,59129,512,13958,44659,44619,stdout_last_line
4162,16,20,fourcolor,theories/hubcap.v,0,no_proof_parsed,,608,0,-1,no_proof_parsed,1,47737,512,13958,33267,33234,stdout_last_line
4162,17,20,fourcolor,theories/hubcap.v,0,no_proof_parsed,,909,0,-1,no_proof_parsed,1,97842,512,13958,83372,83230,stdout_last_line
4162,18,20,fourcolor,theories/hubcap.v,0,no_proof_parsed,,1874,0,-1,no_proof_parsed,,,,,,,
4162,19,20,fourcolor,theories/hubcap.v,0,no_proof_parsed,,416,0,-1,no_proof_parsed,1,42158,512,14007,27639,27619,stdout_last_line
4162,20,20,fourcolor,theories/hubcap.v,0,no_proof_parsed,,508,0,-1,no_proof_parsed,1,44405,512,13958,29935,29886,stdout_last_line
4444,1,20,compcert,backend/SplitLongproof.v,0,no_proof_parsed,,309,0,-1,no_proof_parsed,1,35796,384,15900,19512,18897,stdout_last_line
4444,2,20,compcert,backend/SplitLongproof.v,0,no_proof_parsed,,288,0,-1,no_proof_parsed,1,24875,384,15827,8664,8536,stdout_last_line
4444,3,20,compcert,backend/SplitLongproof.v,0,no_proof_parsed,,394,0,-1,no_proof_parsed,1,47998,384,18693,28921,28668,stdout_last_line
4444,4,20,compcert,backend/SplitLongproof.v,0,no_proof_parsed,,600,0,-1,no_proof_parsed,1,52859,384,16618,35857,35441,stdout_last_line
4444,5,20,compcert,backend/SplitLongproof.v,0,no_proof_parsed,,402,0,-1,no_proof_parsed,1,47637,512,16391,30734,30221,stdout_last_line
4444,6,20,compcert,backend/SplitLongproof.v,0,no_proof_parsed,,696,0,-1,no_proof_parsed,1,55250,384,17272,37594,36219,stdout_last_line
4444,7,20,compcert,backend/SplitLongproof.v,0,no_proof_parsed,,559,0,-1,no_proof_parsed,1,65768,384,16634,48750,46822,stdout_last_line
4444,8,20,compcert,backend/SplitLongproof.v,0,no_proof_parsed,,413,0,-1,no_proof_parsed,1,25529,512,17900,7117,7052,stdout_last_line
4444,9,20,compcert,backend/SplitLongproof.v,0,no_proof_parsed,,464,0,-1,no_proof_parsed,1,23023,512,15471,7040,6956,stdout_last_line
4444,10,20,compcert,backend/SplitLongproof.v,0,no_proof_parsed,,229,0,-1,no_proof_parsed,1,26919,384,14464,12071,11840,stdout_last_line
4444,11,20,compcert,backend/SplitLongproof.v,0,no_proof_parsed,,419,0,-1,no_proof_parsed,1,35255,384,18543,16328,16291,stdout_last_line
4444,12,20,compcert,backend/SplitLongproof.v,0,no_proof_parsed,,511,0,-1,no_proof_parsed,1,55870,640,18567,36663,35836,stdout_last_line
4444,13,20,compcert,backend/SplitLongproof.v,0,no_proof_parsed,,494,0,-1,no_proof_parsed,1,35227,384,13230,21613,21314,stdout_last_line
4444,14,20,compcert,backend/SplitLongproof.v,0,no_proof_parsed,,393,0,-1,no_proof_parsed,1,37577,512,16805,20260,20244,stdout_last_line
4444,15,20,compcert,backend/SplitLongproof.v,0,no_proof_parsed,,466,0,-1,no_proof_parsed,1,31755,1280,12773,17702,17281,stdout_last_line
4444,16,20,compcert,backend/SplitLongproof.v,0,no_proof_parsed,,565,0,-1,no_proof_parsed,1,42244,384,17478,24382,23863,stdout_last_line
4444,17,20,compcert,backend/SplitLongproof.v,0,no_proof_parsed,,304,0,-1,no_proof_parsed,1,23618,1280,14709,7629,7596,stdout_last_line
4444,18,20,compcert,backend/SplitLongproof.v,0,no_proof_parsed,,681,0,-1,no_proof_parsed,1,72795,768,16443,55584,54547,stdout_last_line
4444,19,20,compcert,backend/SplitLongproof.v,0,no_proof_parsed,,479,0,-1,no_proof_parsed,1,30742,1280,15091,14371,14181,stdout_last_line
4444,20,20,compcert,backend/SplitLongproof.v,0,no_proof_parsed,,460,0,-1,no_proof_parsed,1,46921,1280,15807,29834,29834,stdout_last_line
4638,1,20,compcert,flocq/Calc/Sqrt.v,0,no_proof_parsed,,855,0,-1,no_proof_parsed,1,73648,640,7679,65329,62864,stdout_last_line
4638,2,20,compcert,flocq/Calc/Sqrt.v,0,no_proof_parsed,,1071,0,-1,no_proof_parsed,1,76763,512,8077,68174,65212,stdout_last_line
4638,3,20,compcert,flocq/Calc/Sqrt.v,0,no_proof_parsed,,849,0,-1,no_proof_parsed,1,85442,512,7936,76994,74499,stdout_last_line
4638,4,20,compcert,flocq/Calc/Sqrt.v,0,no_proof_parsed,,695,0,-1,no_proof_parsed,1,77917,640,7808,69469,46514,stdout_last_line
4638,5,20,compcert,flocq/Calc/Sqrt.v,0,no_proof_parsed,,961,0,-1,no_proof_parsed,1,92243,512,8077,83654,80230,stdout_last_line
4638,6,20,compcert,flocq/Calc/Sqrt.v,0,no_proof_parsed,,951,0,-1,no_proof_parsed,1,79024,384,8064,70576,67955,stdout_last_line
4638,7,20,compcert,flocq/Calc/Sqrt.v,0,no_proof_parsed,,877,0,-1,no_proof_parsed,1,98077,512,7807,89758,87123,stdout_last_line
4638,8,20,compcert,flocq/Calc/Sqrt.v,0,no_proof_parsed,,968,0,-1,no_proof_parsed,1,101613,512,7936,93165,90333,stdout_last_line
4638,9,20,compcert,flocq/Calc/Sqrt.v,0,no_proof_parsed,,1156,0,-1,no_proof_parsed,1,84354,512,7936,75906,73384,stdout_last_line
4638,10,20,compcert,flocq/Calc/Sqrt.v,0,no_proof_parsed,,930,0,-1,no_proof_parsed,1,97309,512,8077,88720,85909,stdout_last_line
4638,11,20,compcert,flocq/Calc/Sqrt.v,0,no_proof_parsed,,933,0,-1,no_proof_parsed,1,85391,512,7807,77072,74768,stdout_last_line
4638,12,20,compcert,flocq/Calc/Sqrt.v,0,no_proof_parsed,,985,0,-1,no_proof_parsed,1,89325,512,8077,80736,78298,stdout_last_line
4638,13,20,compcert,flocq/Calc/Sqrt.v,0,no_proof_parsed,,1399,0,-1,no_proof_parsed,1,103329,512,7936,94881,91014,stdout_last_line
4638,14,20,compcert,flocq/Calc/Sqrt.v,0,no_proof_parsed,,1119,0,-1,no_proof_parsed,1,104870,512,7807,96551,93793,stdout_last_line
4638,15,20,compcert,flocq/Calc/Sqrt.v,0,no_proof_parsed,,938,0,-1,no_proof_parsed,1,86154,512,7936,77706,74765,stdout_last_line
4638,16,20,compcert,flocq/Calc/Sqrt.v,0,no_proof_parsed,,926,0,-1,no_proof_parsed,1,82326,512,7936,73878,71545,stdout_last_line
4638,17,20,compcert,flocq/Calc/Sqrt.v,0,no_proof_parsed,,926,0,-1,no_proof_parsed,1,84629,512,8077,76040,72772,stdout_last_line
4638,18,20,compcert,flocq/Calc/Sqrt.v,0,no_proof_parsed,,1205,0,-1,no_proof_parsed,1,86377,512,7807,78058,74046,stdout_last_line
4638,19,20,compcert,flocq/Calc/Sqrt.v,0,no_proof_parsed,,796,0,-1,no_proof_parsed,1,71092,512,7936,62644,60200,stdout_last_line
4638,20,20,compcert,flocq/Calc/Sqrt.v,0,no_proof_parsed,,635,0,-1,no_proof_parsed,1,59130,512,8077,50541,48667,stdout_last_line
5120,1,20,fourcolor,theories/cfcolor.v,0,no_proof_parsed,,1134,0,-1,no_proof_parsed,1,105418,512,7671,97235,96319,stdout_last_line
5120,2,20,fourcolor,theories/cfcolor.v,0,no_proof_parsed,,1104,0,-1,no_proof_parsed,1,100668,512,7656,92500,92472,stdout_last_line
5120,3,20,fourcolor,theories/cfcolor.v,0,no_proof_parsed,,1182,0,-1,no_proof_parsed,1,108277,640,7344,100293,99630,stdout_last_line
5120,4,20,fourcolor,theories/cfcolor.v,0,no_proof_parsed,,835,0,-1,no_proof_parsed,1,75520,512,7827,67181,66866,stdout_last_line
5120,5,20,fourcolor,theories/cfcolor.v,0,no_proof_parsed,,1194,0,-1,no_proof_parsed,1,98056,512,7697,89847,89279,stdout_last_line
5120,6,20,fourcolor,theories/cfcolor.v,0,no_proof_parsed,,1017,0,-1,no_proof_parsed,1,83542,512,7697,75333,74624,stdout_last_line
5120,7,20,fourcolor,theories/cfcolor.v,0,no_proof_parsed,,808,0,-1,no_proof_parsed,1,72240,512,9613,62115,62082,stdout_last_line
5120,8,20,fourcolor,theories/cfcolor.v,0,no_proof_parsed,,540,0,-1,no_proof_parsed,1,48210,512,7656,40042,40022,stdout_last_line
5120,9,20,fourcolor,theories/cfcolor.v,0,no_proof_parsed,,687,0,-1,no_proof_parsed,1,61947,512,7671,53764,53745,stdout_last_line
5120,10,20,fourcolor,theories/cfcolor.v,0,no_proof_parsed,,822,0,-1,no_proof_parsed,1,83711,512,8157,75042,75012,stdout_last_line
5120,11,20,fourcolor,theories/cfcolor.v,0,no_proof_parsed,,595,0,-1,no_proof_parsed,1,50125,512,9613,40000,39977,stdout_last_line
5120,12,20,fourcolor,theories/cfcolor.v,0,no_proof_parsed,,811,0,-1,no_proof_parsed,1,78521,512,9613,68396,68380,stdout_last_line
5120,13,20,fourcolor,theories/cfcolor.v,0,no_proof_parsed,,887,0,-1,no_proof_parsed,1,83863,512,7472,75879,75858,stdout_last_line
5120,14,20,fourcolor,theories/cfcolor.v,0,no_proof_parsed,,966,0,-1,no_proof_parsed,1,88537,512,7671,80354,80333,stdout_last_line
5120,15,20,fourcolor,theories/cfcolor.v,0,no_proof_parsed,,978,0,-1,no_proof_parsed,1,99917,512,7697,91708,91694,stdout_last_line
5120,16,20,fourcolor,theories/cfcolor.v,0,no_proof_parsed,,1745,0,-1,no_proof_parsed,1,84343,8064,119,76160,76131,stdout_last_line
5120,17,20,fourcolor,theories/cfcolor.v,0,no_proof_parsed,,1005,0,-1,no_proof_parsed,1,87406,640,7543,79223,79199,stdout_last_line
5120,18,20,fourcolor,theories/cfcolor.v,0,no_proof_parsed,,1091,0,-1,no_proof_parsed,1,114372,512,7472,106388,104412,stdout_last_line
5120,19,20,fourcolor,theories/cfcolor.v,0,no_proof_parsed,,1166,0,-1,no_proof_parsed,1,99839,512,7671,91656,91635,stdout_last_line
5120,20,20,fourcolor,theories/cfcolor.v,0,no_proof_parsed,,1528,0,-1,no_proof_parsed,1,85997,8192,17,77788,77767,stdout_last_line
5156,1,20,compcert,flocq/Core/Ulp.v,0,no_proof_parsed,,565,0,-1,no_proof_parsed,1,45280,512,6461,38307,37813,stdout_last_line
5156,2,20,compcert,flocq/Core/Ulp.v,0,no_proof_parsed,,974,0,-1,no_proof_parsed,1,59860,512,6461,52887,51576,stdout_last_line
5156,3,20,compcert,flocq/Core/Ulp.v,0,no_proof_parsed,,424,0,-1,no_proof_parsed,1,51507,512,6457,44538,43240,stdout_last_line
5156,4,20,compcert,flocq/Core/Ulp.v,0,no_proof_parsed,,749,0,-1,no_proof_parsed,1,62786,512,6457,55817,53506,stdout_last_line
5156,5,20,compcert,flocq/Core/Ulp.v,0,no_proof_parsed,,390,0,-1,no_proof_parsed,1,42318,512,6461,35345,34552,stdout_last_line
5156,6,20,compcert,flocq/Core/Ulp.v,0,no_proof_parsed,,1199,0,-1,no_proof_parsed,1,52598,384,6629,45585,44625,stdout_last_line
5156,7,20,compcert,flocq/Core/Ulp.v,0,no_proof_parsed,,418,0,-1,no_proof_parsed,1,31646,384,6629,24633,23970,stdout_last_line
5156,8,20,compcert,flocq/Core/Ulp.v,0,no_proof_parsed,,322,0,-1,no_proof_parsed,1,36252,512,6461,29279,28401,stdout_last_line
5156,9,20,compcert,flocq/Core/Ulp.v,0,no_proof_parsed,,547,0,-1,no_proof_parsed,1,42583,512,6457,35614,34059,stdout_last_line
5156,10,20,compcert,flocq/Core/Ulp.v,0,no_proof_parsed,,869,0,-1,no_proof_parsed,1,35430,384,6589,28457,27733,stdout_last_line
5156,11,20,compcert,flocq/Core/Ulp.v,0,no_proof_parsed,,587,0,-1,no_proof_parsed,1,42853,384,6629,35840,35101,stdout_last_line
5156,12,20,compcert,flocq/Core/Ulp.v,0,no_proof_parsed,,977,0,-1,no_proof_parsed,1,47151,384,6629,40138,39343,stdout_last_line
5156,13,20,compcert,flocq/Core/Ulp.v,0,no_proof_parsed,,383,0,-1,no_proof_parsed,1,40362,512,6461,33389,32267,stdout_last_line
5156,14,20,compcert,flocq/Core/Ulp.v,0,no_proof_parsed,,703,0,-1,no_proof_parsed,1,54061,512,6457,47092,46550,stdout_last_line
5156,15,20,compcert,flocq/Core/Ulp.v,0,no_proof_parsed,,1549,0,-1,no_proof_parsed,1,34755,384,6585,27786,26460,stdout_last_line
5156,16,20,compcert,flocq/Core/Ulp.v,0,no_proof_parsed,,777,0,-1,no_proof_parsed,1,65733,512,6501,58720,57405,stdout_last_line
5156,17,20,compcert,flocq/Core/Ulp.v,0,no_proof_parsed,,412,0,-1,no_proof_parsed,1,49591,512,6501,42578,41433,stdout_last_line
5156,18,20,compcert,flocq/Core/Ulp.v,0,no_proof_parsed,,465,0,-1,no_proof_parsed,1,39746,512,6461,32773,32217,stdout_last_line
5156,19,20,compcert,flocq/Core/Ulp.v,0,no_proof_parsed,,387,0,-1,no_proof_parsed,1,40965,384,6589,33992,32918,stdout_last_line
5156,20,20,compcert,flocq/Core/Ulp.v,0,no_proof_parsed,,980,0,-1,no_proof_parsed,1,62962,384,6585,55993,54771,stdout_last_line
5173,1,20,buchberger,theories/Monomials.v,0,post_copy_make_failed,rc=2,1,2,-1,post_copy_make_failed,,,,,,,
5173,2,20,buchberger,theories/Monomials.v,0,post_copy_make_failed,rc=2,1,2,-1,post_copy_make_failed,,,,,,,
5173,3,20,buchberger,theories/Monomials.v,0,post_copy_make_failed,rc=2,1,2,-1,post_copy_make_failed,,,,,,,
5173,4,20,buchberger,theories/Monomials.v,0,post_copy_make_failed,rc=2,1,2,-1,post_copy_make_failed,,,,,,,
5173,5,20,buchberger,theories/Monomials.v,0,post_copy_make_failed,rc=2,1,2,-1,post_copy_make_failed,,,,,,,
5173,6,20,buchberger,theories/Monomials.v,0,post_copy_make_failed,rc=2,1,2,-1,post_copy_make_failed,,,,,,,
5173,7,20,buchberger,theories/Monomials.v,0,post_copy_make_failed,rc=2,1,2,-1,post_copy_make_failed,,,,,,,
5173,8,20,buchberger,theories/Monomials.v,0,post_copy_make_failed,rc=2,0,2,-1,post_copy_make_failed,,,,,,,
5173,9,20,buchberger,theories/Monomials.v,0,post_copy_make_failed,rc=2,1,2,-1,post_copy_make_failed,,,,,,,
5173,10,20,buchberger,theories/Monomials.v,0,post_copy_make_failed,rc=2,0,2,-1,post_copy_make_failed,,,,,,,
5173,11,20,buchberger,theories/Monomials.v,0,post_copy_make_failed,rc=2,1,2,-1,post_copy_make_failed,,,,,,,
5173,12,20,buchberger,theories/Monomials.v,0,post_copy_make_failed,rc=2,1,2,-1,post_copy_make_failed,,,,,,,
5173,13,20,buchberger,theories/Monomials.v,0,post_copy_make_failed,rc=2,1,2,-1,post_copy_make_failed,,,,,,,
5173,14,20,buchberger,theories/Monomials.v,0,post_copy_make_failed,rc=2,0,2,-1,post_copy_make_failed,,,,,,,
5173,15,20,buchberger,theories/Monomials.v,0,post_copy_make_failed,rc=2,1,2,-1,post_copy_make_failed,,,,,,,
5173,16,20,buchberger,theories/Monomials.v,0,post_copy_make_failed,rc=2,0,2,-1,post_copy_make_failed,,,,,,,
5173,17,20,buchberger,theories/Monomials.v,0,post_copy_make_failed,rc=2,0,2,-1,post_copy_make_failed,,,,,,,
5173,18,20,buchberger,theories/Monomials.v,0,post_copy_make_failed,rc=2,0,2,-1,post_copy_make_failed,,,,,,,
5173,19,20,buchberger,theories/Monomials.v,0,post_copy_make_failed,rc=2,0,2,-1,post_copy_make_failed,,,,,,,
5173,20,20,buchberger,theories/Monomials.v,0,post_copy_make_failed,rc=2,1,2,-1,post_copy_make_failed,,,,,,,
5836,1,20,compcert,backend/SplitLongproof.v,0,no_proof_parsed,,1197,0,-1,no_proof_parsed,1,75952,384,24824,50744,50473,stdout_last_line
5836,2,20,compcert,backend/SplitLongproof.v,0,no_proof_parsed,,766,0,-1,no_proof_parsed,1,56413,512,24498,31403,31249,stdout_last_line
5836,3,20,compcert,backend/SplitLongproof.v,0,no_proof_parsed,,651,0,-1,no_proof_parsed,1,59132,384,24678,34070,33838,stdout_last_line
5836,4,20,compcert,backend/SplitLongproof.v,0,no_proof_parsed,,689,0,-1,no_proof_parsed,1,51873,384,24603,26886,26659,stdout_last_line
5836,5,20,compcert,backend/SplitLongproof.v,0,no_proof_parsed,,707,0,-1,no_proof_parsed,1,63506,896,24312,38298,38054,stdout_last_line
5836,6,20,compcert,backend/SplitLongproof.v,0,no_proof_parsed,,813,0,-1,no_proof_parsed,1,67641,512,24550,42579,42321,stdout_last_line
5836,7,20,compcert,backend/SplitLongproof.v,0,no_proof_parsed,,856,0,-1,no_proof_parsed,1,76043,640,24422,50981,50798,stdout_last_line
5836,8,20,compcert,backend/SplitLongproof.v,0,no_proof_parsed,,671,0,-1,no_proof_parsed,1,52899,384,24824,27691,27525,stdout_last_line
5836,9,20,compcert,backend/SplitLongproof.v,0,no_proof_parsed,,714,0,-1,no_proof_parsed,1,49313,384,24678,24251,24042,stdout_last_line
5836,10,20,compcert,backend/SplitLongproof.v,0,no_proof_parsed,,744,0,-1,no_proof_parsed,1,46260,512,24519,21229,21003,stdout_last_line
5836,11,20,compcert,backend/SplitLongproof.v,0,no_proof_parsed,,787,0,-1,no_proof_parsed,1,51064,896,24231,25937,25828,stdout_last_line
5836,12,20,compcert,backend/SplitLongproof.v,0,no_proof_parsed,,740,0,-1,no_proof_parsed,1,48357,640,24370,23347,23005,stdout_last_line
5836,13,20,compcert,backend/SplitLongproof.v,0,no_proof_parsed,,591,0,-1,no_proof_parsed,1,54502,384,24626,29492,29440,stdout_last_line
5836,14,20,compcert,backend/SplitLongproof.v,0,no_proof_parsed,,612,0,-1,no_proof_parsed,1,57955,512,24620,32823,32618,stdout_last_line
5836,15,20,compcert,backend/SplitLongproof.v,0,no_proof_parsed,,571,0,-1,no_proof_parsed,1,54653,1280,23730,29643,29195,stdout_last_line
5836,16,20,compcert,backend/SplitLongproof.v,0,no_proof_parsed,,647,0,-1,no_proof_parsed,1,60935,1280,23782,35873,35555,stdout_last_line
5836,17,20,compcert,backend/SplitLongproof.v,0,no_proof_parsed,,638,0,-1,no_proof_parsed,1,55172,384,24678,30110,29885,stdout_last_line
5836,18,20,compcert,backend/SplitLongproof.v,0,no_proof_parsed,,1056,0,-1,no_proof_parsed,1,68411,640,24422,43349,41854,stdout_last_line
5836,19,20,compcert,backend/SplitLongproof.v,0,no_proof_parsed,,672,0,-1,no_proof_parsed,1,62321,512,24550,37259,36955,stdout_last_line
5836,20,20,compcert,backend/SplitLongproof.v,0,no_proof_parsed,,820,0,-1,no_proof_parsed,1,64275,512,24550,39213,38994,stdout_last_line
5918,1,20,buchberger,theories/Pspoly.v,0,no_proof_parsed,,877,0,-1,no_proof_parsed,1,127753,1152,36475,90126,90112,stdout_last_line
5918,2,20,buchberger,theories/Pspoly.v,0,no_proof_parsed,,990,0,-1,no_proof_parsed,1,141181,1152,36475,103554,99600,stdout_last_line
5918,3,20,buchberger,theories/Pspoly.v,0,no_proof_parsed,,1332,0,-1,no_proof_parsed,1,168699,1152,36475,131072,131072,stdout_last_line
5918,4,20,buchberger,theories/Pspoly.v,0,no_proof_parsed,,1273,0,-1,no_proof_parsed,1,158575,1152,36475,120948,120297,stdout_last_line
5918,5,20,buchberger,theories/Pspoly.v,0,no_proof_parsed,,1413,0,-1,no_proof_parsed,1,158348,1152,36475,120721,117379,stdout_last_line
5918,6,20,buchberger,theories/Pspoly.v,0,no_proof_parsed,,1254,0,-1,no_proof_parsed,1,168698,1152,36475,131071,130793,stdout_last_line
5918,7,20,buchberger,theories/Pspoly.v,0,no_proof_parsed,,1335,0,-1,no_proof_parsed,1,168697,1152,36475,131070,131070,stdout_last_line
5918,8,20,buchberger,theories/Pspoly.v,0,no_proof_parsed,,1092,0,-1,no_proof_parsed,1,131817,1152,36475,94190,91659,stdout_last_line
5918,9,20,buchberger,theories/Pspoly.v,0,no_proof_parsed,,1097,0,-1,no_proof_parsed,1,145040,1280,36347,107413,104232,stdout_last_line
5918,10,20,buchberger,theories/Pspoly.v,0,no_proof_parsed,,1320,0,-1,no_proof_parsed,1,168699,1280,36347,131072,131072,stdout_last_line
5918,11,20,buchberger,theories/Pspoly.v,0,no_proof_parsed,,1396,0,-1,no_proof_parsed,1,168697,1280,36347,131070,131070,stdout_last_line
5918,12,20,buchberger,theories/Pspoly.v,0,no_proof_parsed,,1328,0,-1,no_proof_parsed,1,168700,1152,36475,131073,131073,stdout_last_line
5918,13,20,buchberger,theories/Pspoly.v,0,no_proof_parsed,,1389,0,-1,no_proof_parsed,1,157552,1152,36475,119925,119821,stdout_last_line
5918,14,20,buchberger,theories/Pspoly.v,0,no_proof_parsed,,1062,0,-1,no_proof_parsed,1,146475,1152,36475,108848,108729,stdout_last_line
5918,15,20,buchberger,theories/Pspoly.v,0,no_proof_parsed,,1321,0,-1,no_proof_parsed,1,168699,1152,36475,131072,131072,stdout_last_line
5918,16,20,buchberger,theories/Pspoly.v,0,no_proof_parsed,,966,0,-1,no_proof_parsed,1,111372,1152,36475,73745,72210,stdout_last_line
5918,17,20,buchberger,theories/Pspoly.v,0,no_proof_parsed,,1468,0,-1,no_proof_parsed,1,156385,37504,123,118758,117340,stdout_last_line
5918,18,20,buchberger,theories/Pspoly.v,0,no_proof_parsed,,885,0,-1,no_proof_parsed,1,112914,1152,36475,75287,73507,stdout_last_line
5918,19,20,buchberger,theories/Pspoly.v,0,no_proof_parsed,,1416,0,-1,no_proof_parsed,1,164364,37504,123,126737,124853,stdout_last_line
5918,20,20,buchberger,theories/Pspoly.v,0,no_proof_parsed,,961,0,-1,no_proof_parsed,1,140242,1152,36475,102615,99445,stdout_last_line
5965,1,20,compcert,backend/Kildall.v,0,extract_failed,,60,0,-1,extract_failed,,,,,,,
5965,2,20,compcert,backend/Kildall.v,0,extract_failed,,63,0,-1,extract_failed,,,,,,,
5965,3,20,compcert,backend/Kildall.v,0,extract_failed,,68,0,-1,extract_failed,,,,,,,
5965,4,20,compcert,backend/Kildall.v,0,extract_failed,,69,0,-1,extract_failed,,,,,,,
5965,5,20,compcert,backend/Kildall.v,0,extract_failed,,70,0,-1,extract_failed,,,,,,,
5965,6,20,compcert,backend/Kildall.v,0,extract_failed,,65,0,-1,extract_failed,,,,,,,
5965,7,20,compcert,backend/Kildall.v,0,extract_failed,,64,0,-1,extract_failed,,,,,,,
5965,8,20,compcert,backend/Kildall.v,0,extract_failed,,61,0,-1,extract_failed,,,,,,,
5965,9,20,compcert,backend/Kildall.v,0,extract_failed,,61,0,-1,extract_failed,,,,,,,
5965,10,20,compcert,backend/Kildall.v,0,extract_failed,,60,0,-1,extract_failed,,,,,,,
5965,11,20,compcert,backend/Kildall.v,0,extract_failed,,59,0,-1,extract_failed,,,,,,,
5965,12,20,compcert,backend/Kildall.v,0,extract_failed,,61,0,-1,extract_failed,,,,,,,
5965,13,20,compcert,backend/Kildall.v,0,extract_failed,,64,0,-1,extract_failed,,,,,,,
5965,14,20,compcert,backend/Kildall.v,0,extract_failed,,67,0,-1,extract_failed,,,,,,,
5965,15,20,compcert,backend/Kildall.v,0,extract_failed,,59,0,-1,extract_failed,,,,,,,
5965,16,20,compcert,backend/Kildall.v,0,extract_failed,,60,0,-1,extract_failed,,,,,,,
5965,17,20,compcert,backend/Kildall.v,0,extract_failed,,69,0,-1,extract_failed,,,,,,,
5965,18,20,compcert,backend/Kildall.v,0,extract_failed,,68,0,-1,extract_failed,,,,,,,
5965,19,20,compcert,backend/Kildall.v,0,extract_failed,,67,0,-1,extract_failed,,,,,,,
5965,20,20,compcert,backend/Kildall.v,0,extract_failed,,61,0,-1,extract_failed,,,,,,,
5983,1,20,compcert,common/Events.v,0,no_proof_parsed,,427,0,-1,no_proof_parsed,1,51333,512,26154,24667,23894,stdout_last_line
5983,2,20,compcert,common/Events.v,0,no_proof_parsed,,484,0,-1,no_proof_parsed,1,67260,512,26154,40594,39621,stdout_last_line
5983,3,20,compcert,common/Events.v,0,no_proof_parsed,,731,0,-1,no_proof_parsed,1,45520,512,26154,18854,17888,stdout_last_line
5983,4,20,compcert,common/Events.v,0,no_proof_parsed,,460,0,-1,no_proof_parsed,1,66720,512,26154,40054,38027,stdout_last_line
5983,5,20,compcert,common/Events.v,0,no_proof_parsed,,584,0,-1,no_proof_parsed,1,82920,512,26154,56254,53930,stdout_last_line
5983,6,20,compcert,common/Events.v,0,no_proof_parsed,,893,0,-1,no_proof_parsed,1,73991,512,26154,47325,46578,stdout_last_line
5983,7,20,compcert,common/Events.v,0,no_proof_parsed,,798,0,-1,no_proof_parsed,1,88992,512,26154,62326,61098,stdout_last_line
5983,8,20,compcert,common/Events.v,0,no_proof_parsed,,318,0,-1,no_proof_parsed,1,51981,512,26154,25315,24067,stdout_last_line
5983,9,20,compcert,common/Events.v,0,no_proof_parsed,,430,0,-1,no_proof_parsed,1,63585,512,26154,36919,35810,stdout_last_line
5983,10,20,compcert,common/Events.v,0,no_proof_parsed,,447,0,-1,no_proof_parsed,1,69366,512,26154,42700,41328,stdout_last_line
5983,11,20,compcert,common/Events.v,0,no_proof_parsed,,667,0,-1,no_proof_parsed,1,82275,512,26154,55609,54501,stdout_last_line
5983,12,20,compcert,common/Events.v,0,no_proof_parsed,,452,0,-1,no_proof_parsed,1,61059,1280,25386,34393,33388,stdout_last_line
5983,13,20,compcert,common/Events.v,0,no_proof_parsed,,994,0,-1,no_proof_parsed,1,62618,512,26154,35952,35283,stdout_last_line
5983,14,20,compcert,common/Events.v,0,no_proof_parsed,,438,0,-1,no_proof_parsed,1,70744,512,26154,44078,42691,stdout_last_line
5983,15,20,compcert,common/Events.v,0,no_proof_parsed,,587,0,-1,no_proof_parsed,1,74585,640,26026,47919,46501,stdout_last_line
5983,16,20,compcert,common/Events.v,0,no_proof_parsed,,455,0,-1,no_proof_parsed,1,66495,512,26154,39829,38593,stdout_last_line
5983,17,20,compcert,common/Events.v,0,no_proof_parsed,,553,0,-1,no_proof_parsed,1,52972,768,25898,26306,25399,stdout_last_line
5983,18,20,compcert,common/Events.v,0,no_proof_parsed,,1059,0,-1,no_proof_parsed,1,77234,512,26154,50568,49386,stdout_last_line
5983,19,20,compcert,common/Events.v,0,no_proof_parsed,,632,0,-1,no_proof_parsed,1,81528,512,26154,54862,52987,stdout_last_line
5983,20,20,compcert,common/Events.v,0,no_proof_parsed,,361,0,-1,no_proof_parsed,1,49062,768,25898,22396,20903,stdout_last_line
6012,1,20,compcert,backend/Selectionproof.v,0,no_proof_parsed,,783,0,-1,no_proof_parsed,1,61673,640,13577,47456,47235,stdout_last_line
6012,2,20,compcert,backend/Selectionproof.v,0,no_proof_parsed,,538,0,-1,no_proof_parsed,1,50605,640,13633,36332,35634,stdout_last_line
6012,3,20,compcert,backend/Selectionproof.v,0,no_proof_parsed,,444,0,-1,no_proof_parsed,1,36221,640,13578,22003,21975,stdout_last_line
6012,4,20,compcert,backend/Selectionproof.v,0,no_proof_parsed,,634,0,-1,no_proof_parsed,1,57120,640,13577,42903,42485,stdout_last_line
6012,5,20,compcert,backend/Selectionproof.v,0,no_proof_parsed,,596,0,-1,no_proof_parsed,1,39815,640,13578,25597,25303,stdout_last_line
6012,6,20,compcert,backend/Selectionproof.v,0,no_proof_parsed,,597,0,-1,no_proof_parsed,1,44225,640,13577,30008,29513,stdout_last_line
6012,7,20,compcert,backend/Selectionproof.v,0,no_proof_parsed,,579,0,-1,no_proof_parsed,1,50175,640,13577,35958,35934,stdout_last_line
6012,8,20,compcert,backend/Selectionproof.v,0,no_proof_parsed,,678,0,-1,no_proof_parsed,1,58022,640,13577,43805,43644,stdout_last_line
6012,9,20,compcert,backend/Selectionproof.v,0,no_proof_parsed,,634,0,-1,no_proof_parsed,1,45892,640,13577,31675,31484,stdout_last_line
6012,10,20,compcert,backend/Selectionproof.v,0,no_proof_parsed,,660,0,-1,no_proof_parsed,1,45837,640,13577,31620,31411,stdout_last_line
6012,11,20,compcert,backend/Selectionproof.v,0,no_proof_parsed,,481,0,-1,no_proof_parsed,1,35760,640,13577,21543,21364,stdout_last_line
6012,12,20,compcert,backend/Selectionproof.v,0,no_proof_parsed,,572,0,-1,no_proof_parsed,1,47797,640,13577,33580,33199,stdout_last_line
6012,13,20,compcert,backend/Selectionproof.v,0,no_proof_parsed,,478,0,-1,no_proof_parsed,1,46365,640,13577,32148,31468,stdout_last_line
6012,14,20,compcert,backend/Selectionproof.v,0,no_proof_parsed,,601,0,-1,no_proof_parsed,1,45429,640,13577,31212,31032,stdout_last_line
6012,15,20,compcert,backend/Selectionproof.v,0,no_proof_parsed,,822,0,-1,no_proof_parsed,1,61214,640,13578,46996,46528,stdout_last_line
6012,16,20,compcert,backend/Selectionproof.v,0,no_proof_parsed,,590,0,-1,no_proof_parsed,1,46241,640,13577,32024,31621,stdout_last_line
6012,17,20,compcert,backend/Selectionproof.v,0,no_proof_parsed,,367,0,-1,no_proof_parsed,1,37106,640,13577,22889,22446,stdout_last_line
6012,18,20,compcert,backend/Selectionproof.v,0,no_proof_parsed,,466,0,-1,no_proof_parsed,1,48179,640,13577,33962,33241,stdout_last_line
6012,19,20,compcert,backend/Selectionproof.v,0,no_proof_parsed,,910,0,-1,no_proof_parsed,1,79364,640,13632,65092,64904,stdout_last_line
6012,20,20,compcert,backend/Selectionproof.v,0,no_proof_parsed,,422,0,-1,no_proof_parsed,1,31243,640,13577,17026,16630,stdout_last_line
6114,1,20,compcert,lib/Integers.v,0,post_copy_make_failed,rc=2,29,2,-1,post_copy_make_failed,,,,,,,
6114,2,20,compcert,lib/Integers.v,0,post_copy_make_failed,rc=2,30,2,-1,post_copy_make_failed,,,,,,,
6114,3,20,compcert,lib/Integers.v,0,post_copy_make_failed,rc=2,33,2,-1,post_copy_make_failed,,,,,,,
6114,4,20,compcert,lib/Integers.v,0,post_copy_make_failed,rc=2,31,2,-1,post_copy_make_failed,,,,,,,
6114,5,20,compcert,lib/Integers.v,0,post_copy_make_failed,rc=2,30,2,-1,post_copy_make_failed,,,,,,,
6114,6,20,compcert,lib/Integers.v,0,post_copy_make_failed,rc=2,29,2,-1,post_copy_make_failed,,,,,,,
6114,7,20,compcert,lib/Integers.v,0,post_copy_make_failed,rc=2,29,2,-1,post_copy_make_failed,,,,,,,
6114,8,20,compcert,lib/Integers.v,0,post_copy_make_failed,rc=2,28,2,-1,post_copy_make_failed,,,,,,,
6114,9,20,compcert,lib/Integers.v,0,post_copy_make_failed,rc=2,28,2,-1,post_copy_make_failed,,,,,,,
6114,10,20,compcert,lib/Integers.v,0,post_copy_make_failed,rc=2,28,2,-1,post_copy_make_failed,,,,,,,
6114,11,20,compcert,lib/Integers.v,0,post_copy_make_failed,rc=2,28,2,-1,post_copy_make_failed,,,,,,,
6114,12,20,compcert,lib/Integers.v,0,post_copy_make_failed,rc=2,28,2,-1,post_copy_make_failed,,,,,,,
6114,13,20,compcert,lib/Integers.v,0,post_copy_make_failed,rc=2,29,2,-1,post_copy_make_failed,,,,,,,
6114,14,20,compcert,lib/Integers.v,0,post_copy_make_failed,rc=2,29,2,-1,post_copy_make_failed,,,,,,,
6114,15,20,compcert,lib/Integers.v,0,post_copy_make_failed,rc=2,30,2,-1,post_copy_make_failed,,,,,,,
6114,16,20,compcert,lib/Integers.v,0,post_copy_make_failed,rc=2,33,2,-1,post_copy_make_failed,,,,,,,
6114,17,20,compcert,lib/Integers.v,0,post_copy_make_failed,rc=2,35,2,-1,post_copy_make_failed,,,,,,,
6114,18,20,compcert,lib/Integers.v,0,post_copy_make_failed,rc=2,32,2,-1,post_copy_make_failed,,,,,,,
6114,19,20,compcert,lib/Integers.v,0,post_copy_make_failed,rc=2,31,2,-1,post_copy_make_failed,,,,,,,
6114,20,20,compcert,lib/Integers.v,0,post_copy_make_failed,rc=2,30,2,-1,post_copy_make_failed,,,,,,,
6486,1,20,compcert,backend/ValueDomain.v,0,no_proof_parsed,,618,0,-1,no_proof_parsed,1,51567,384,15141,36042,35558,stdout_last_line
6486,2,20,compcert,backend/ValueDomain.v,0,no_proof_parsed,,600,0,-1,no_proof_parsed,1,39188,384,15110,23694,23195,stdout_last_line
6486,3,20,compcert,backend/ValueDomain.v,0,no_proof_parsed,,768,0,-1,no_proof_parsed,1,57422,384,15110,41928,41037,stdout_last_line
6486,4,20,compcert,backend/ValueDomain.v,0,no_proof_parsed,,566,0,-1,no_proof_parsed,1,43371,768,14726,27877,26710,stdout_last_line
6486,5,20,compcert,backend/ValueDomain.v,0,no_proof_parsed,,929,0,-1,no_proof_parsed,1,48730,384,15141,33205,32688,stdout_last_line
6486,6,20,compcert,backend/ValueDomain.v,0,no_proof_parsed,,743,0,-1,no_proof_parsed,1,30084,384,15141,14559,14077,stdout_last_line
6486,7,20,compcert,backend/ValueDomain.v,0,no_proof_parsed,,658,0,-1,no_proof_parsed,1,37367,512,14982,21873,21274,stdout_last_line
6486,8,20,compcert,backend/ValueDomain.v,0,no_proof_parsed,,608,0,-1,no_proof_parsed,1,46531,768,14726,31037,30359,stdout_last_line
6486,9,20,compcert,backend/ValueDomain.v,0,no_proof_parsed,,497,0,-1,no_proof_parsed,1,47565,768,14757,32040,31280,stdout_last_line
6486,10,20,compcert,backend/ValueDomain.v,0,no_proof_parsed,,694,0,-1,no_proof_parsed,1,35244,384,15110,19750,19251,stdout_last_line
6486,11,20,compcert,backend/ValueDomain.v,0,no_proof_parsed,,845,0,-1,no_proof_parsed,1,67719,384,15110,52225,51721,stdout_last_line
6486,12,20,compcert,backend/ValueDomain.v,0,no_proof_parsed,,449,0,-1,no_proof_parsed,1,43353,768,14726,27859,26866,stdout_last_line
6486,13,20,compcert,backend/ValueDomain.v,0,no_proof_parsed,,800,0,-1,no_proof_parsed,1,36494,512,14982,21000,20265,stdout_last_line
6486,14,20,compcert,backend/ValueDomain.v,0,no_proof_parsed,,759,0,-1,no_proof_parsed,1,65340,384,15141,49815,49097,stdout_last_line
6486,15,20,compcert,backend/ValueDomain.v,0,no_proof_parsed,,484,0,-1,no_proof_parsed,1,50059,512,15013,34534,33616,stdout_last_line
6486,16,20,compcert,backend/ValueDomain.v,0,no_proof_parsed,,675,0,-1,no_proof_parsed,1,53000,384,15141,37475,36919,stdout_last_line
6486,17,20,compcert,backend/ValueDomain.v,0,no_proof_parsed,,609,0,-1,no_proof_parsed,1,48273,15488,37,32748,32316,stdout_last_line
6486,18,20,compcert,backend/ValueDomain.v,0,no_proof_parsed,,985,0,-1,no_proof_parsed,1,47889,15488,37,32364,31742,stdout_last_line
6486,19,20,compcert,backend/ValueDomain.v,0,no_proof_parsed,,509,0,-1,no_proof_parsed,1,35567,384,15141,20042,19252,stdout_last_line
6486,20,20,compcert,backend/ValueDomain.v,0,no_proof_parsed,,494,0,-1,no_proof_parsed,1,51962,512,15013,36437,35297,stdout_last_line
7035,1,20,fourcolor,theories/revsnip.v,0,no_proof_parsed,,429,0,-1,no_proof_parsed,1,63066,512,25540,37014,36979,stdout_last_line
7035,2,20,fourcolor,theories/revsnip.v,0,no_proof_parsed,,886,0,-1,no_proof_parsed,1,106343,512,25540,80291,80250,stdout_last_line
7035,3,20,fourcolor,theories/revsnip.v,0,no_proof_parsed,,856,0,-1,no_proof_parsed,1,100968,512,25540,74916,74895,stdout_last_line
7035,4,20,fourcolor,theories/revsnip.v,0,no_proof_parsed,,1178,0,-1,no_proof_parsed,1,144768,512,25540,118716,117802,stdout_last_line
7035,5,20,fourcolor,theories/revsnip.v,0,no_proof_parsed,,994,0,-1,no_proof_parsed,1,109854,512,25540,83802,83717,stdout_last_line
7035,6,20,fourcolor,theories/revsnip.v,0,no_proof_parsed,,1242,0,-1,no_proof_parsed,1,142630,512,25540,116578,116559,stdout_last_line
7035,7,20,fourcolor,theories/revsnip.v,0,no_proof_parsed,,714,0,-1,no_proof_parsed,1,94727,512,25540,68675,68654,stdout_last_line
7035,8,20,fourcolor,theories/revsnip.v,0,no_proof_parsed,,670,0,-1,no_proof_parsed,1,83723,640,25412,57671,57653,stdout_last_line
7035,9,20,fourcolor,theories/revsnip.v,0,no_proof_parsed,,744,0,-1,no_proof_parsed,1,81866,640,25412,55814,55537,stdout_last_line
7035,10,20,fourcolor,theories/revsnip.v,0,no_proof_parsed,,868,0,-1,no_proof_parsed,1,108628,512,25540,82576,82552,stdout_last_line
7035,11,20,fourcolor,theories/revsnip.v,0,no_proof_parsed,,471,0,-1,no_proof_parsed,1,69756,512,25540,43704,43683,stdout_last_line
7035,12,20,fourcolor,theories/revsnip.v,0,no_proof_parsed,,940,0,-1,no_proof_parsed,1,112914,512,25540,86862,86824,stdout_last_line
7035,13,20,fourcolor,theories/revsnip.v,0,no_proof_parsed,,965,0,-1,no_proof_parsed,1,111672,512,25540,85620,85590,stdout_last_line
7035,14,20,fourcolor,theories/revsnip.v,0,no_proof_parsed,,1042,0,-1,no_proof_parsed,1,89743,25984,68,63691,63530,stdout_last_line
7035,15,20,fourcolor,theories/revsnip.v,0,no_proof_parsed,,1232,0,-1,no_proof_parsed,1,151808,512,25540,125756,125725,stdout_last_line
7035,16,20,fourcolor,theories/revsnip.v,0,no_proof_parsed,,702,0,-1,no_proof_parsed,1,89268,640,25412,63216,63198,stdout_last_line
7035,17,20,fourcolor,theories/revsnip.v,0,no_proof_parsed,,391,0,-1,no_proof_parsed,1,60579,512,25540,34527,34410,stdout_last_line
7035,18,20,fourcolor,theories/revsnip.v,0,no_proof_parsed,,974,0,-1,no_proof_parsed,1,125691,512,25557,99622,99584,stdout_last_line
7035,19,20,fourcolor,theories/revsnip.v,0,no_proof_parsed,,691,0,-1,no_proof_parsed,1,88601,512,25540,62549,62531,stdout_last_line
7035,20,20,fourcolor,theories/revsnip.v,0,no_proof_parsed,,741,0,-1,no_proof_parsed,1,88414,512,25540,62362,62316,stdout_last_line
7651,1,20,compcert,x86/SelectLongproof.v,0,no_proof_parsed,,779,0,-1,no_proof_parsed,1,50042,512,12994,36536,35682,stdout_last_line
7651,2,20,compcert,x86/SelectLongproof.v,0,no_proof_parsed,,833,0,-1,no_proof_parsed,1,69201,640,12696,55865,55239,stdout_last_line
7651,3,20,compcert,x86/SelectLongproof.v,0,no_proof_parsed,,870,0,-1,no_proof_parsed,1,54103,512,12994,40597,39664,stdout_last_line
7651,4,20,compcert,x86/SelectLongproof.v,0,no_proof_parsed,,605,0,-1,no_proof_parsed,1,47340,512,12972,33856,33106,stdout_last_line
7651,5,20,compcert,x86/SelectLongproof.v,0,no_proof_parsed,,825,0,-1,no_proof_parsed,1,35819,512,12972,22335,22263,stdout_last_line
7651,6,20,compcert,x86/SelectLongproof.v,0,no_proof_parsed,,857,0,-1,no_proof_parsed,1,83573,512,12996,70065,68837,stdout_last_line
7651,7,20,compcert,x86/SelectLongproof.v,0,no_proof_parsed,,506,0,-1,no_proof_parsed,1,52540,512,12961,39067,38293,stdout_last_line
7651,8,20,compcert,x86/SelectLongproof.v,0,no_proof_parsed,,647,0,-1,no_proof_parsed,1,73261,512,12996,59753,58354,stdout_last_line
7651,9,20,compcert,x86/SelectLongproof.v,0,no_proof_parsed,,964,0,-1,no_proof_parsed,1,65699,1280,12193,52226,51706,stdout_last_line
7651,10,20,compcert,x86/SelectLongproof.v,0,no_proof_parsed,,624,0,-1,no_proof_parsed,1,41651,512,12903,28236,28001,stdout_last_line
7651,11,20,compcert,x86/SelectLongproof.v,0,no_proof_parsed,,764,0,-1,no_proof_parsed,1,57917,896,12611,44410,43627,stdout_last_line
7651,12,20,compcert,x86/SelectLongproof.v,0,no_proof_parsed,,810,0,-1,no_proof_parsed,1,67814,512,12961,54341,53823,stdout_last_line
7651,13,20,compcert,x86/SelectLongproof.v,0,no_proof_parsed,,991,0,-1,no_proof_parsed,1,66012,512,12996,52504,51667,stdout_last_line
7651,14,20,compcert,x86/SelectLongproof.v,0,no_proof_parsed,,890,0,-1,no_proof_parsed,1,71988,512,12961,58515,57421,stdout_last_line
7651,15,20,compcert,x86/SelectLongproof.v,0,no_proof_parsed,,441,0,-1,no_proof_parsed,1,32780,1280,12226,19274,19226,stdout_last_line
7651,16,20,compcert,x86/SelectLongproof.v,0,no_proof_parsed,,612,0,-1,no_proof_parsed,1,52707,896,12440,39371,39343,stdout_last_line
7651,17,20,compcert,x86/SelectLongproof.v,0,no_proof_parsed,,934,0,-1,no_proof_parsed,1,65048,640,12775,51633,50710,stdout_last_line
7651,18,20,compcert,x86/SelectLongproof.v,0,no_proof_parsed,,1689,0,-1,no_proof_parsed,1,60674,13440,68,47166,46599,stdout_last_line
7651,19,20,compcert,x86/SelectLongproof.v,0,no_proof_parsed,,394,0,-1,no_proof_parsed,1,32540,640,12696,19204,19136,stdout_last_line
7651,20,20,compcert,x86/SelectLongproof.v,0,no_proof_parsed,,795,0,-1,no_proof_parsed,1,62458,640,12868,48950,48171,stdout_last_line
7765,1,20,buchberger,theories/Term.v,0,no_proof_parsed,,87,0,-1,no_proof_parsed,1,19292,512,12771,6009,5961,stdout_last_line
7765,2,20,buchberger,theories/Term.v,0,no_proof_parsed,,208,0,-1,no_proof_parsed,1,29138,512,12745,15881,15811,stdout_last_line
7765,3,20,buchberger,theories/Term.v,0,no_proof_parsed,,130,0,-1,no_proof_parsed,1,24680,640,12702,11338,11221,stdout_last_line
7765,4,20,buchberger,theories/Term.v,0,no_proof_parsed,,127,0,-1,no_proof_parsed,1,25309,512,12745,12052,11980,stdout_last_line
7765,5,20,buchberger,theories/Term.v,0,no_proof_parsed,,153,0,-1,no_proof_parsed,1,27592,512,12792,14288,14250,stdout_last_line
7765,6,20,buchberger,theories/Term.v,0,no_proof_parsed,,180,0,-1,no_proof_parsed,1,29577,512,12830,16235,16191,stdout_last_line
7765,7,20,buchberger,theories/Term.v,0,no_proof_parsed,,181,0,-1,no_proof_parsed,1,28949,512,12771,15666,15613,stdout_last_line
7765,8,20,buchberger,theories/Term.v,0,no_proof_parsed,,194,0,-1,no_proof_parsed,1,29945,512,12745,16688,16650,stdout_last_line
7765,9,20,buchberger,theories/Term.v,0,no_proof_parsed,,152,0,-1,no_proof_parsed,1,30136,512,12745,16879,16837,stdout_last_line
7765,10,20,buchberger,theories/Term.v,0,no_proof_parsed,,159,0,-1,no_proof_parsed,1,29422,512,12771,16139,16066,stdout_last_line
7765,11,20,buchberger,theories/Term.v,0,no_proof_parsed,,96,0,-1,no_proof_parsed,1,21537,512,12745,8280,8236,stdout_last_line
7765,12,20,buchberger,theories/Term.v,0,no_proof_parsed,,228,0,-1,no_proof_parsed,1,31598,512,12745,18341,18293,stdout_last_line
7765,13,20,buchberger,theories/Term.v,0,no_proof_parsed,,148,0,-1,no_proof_parsed,1,24907,512,12771,11624,11580,stdout_last_line
7765,14,20,buchberger,theories/Term.v,0,no_proof_parsed,,180,0,-1,no_proof_parsed,1,27498,640,12617,14241,14211,stdout_last_line
7765,15,20,buchberger,theories/Term.v,0,no_proof_parsed,,199,0,-1,no_proof_parsed,1,29421,512,12745,16164,16122,stdout_last_line
7765,16,20,buchberger,theories/Term.v,0,no_proof_parsed,,168,0,-1,no_proof_parsed,1,26856,640,12617,13599,13539,stdout_last_line
7765,17,20,buchberger,theories/Term.v,0,no_proof_parsed,,138,0,-1,no_proof_parsed,1,22603,512,12771,9320,9294,stdout_last_line
7765,18,20,buchberger,theories/Term.v,0,no_proof_parsed,,204,0,-1,no_proof_parsed,1,27733,640,12643,14450,14374,stdout_last_line
7765,19,20,buchberger,theories/Term.v,0,no_proof_parsed,,140,0,-1,no_proof_parsed,1,22565,512,12745,9308,9257,stdout_last_line
7765,20,20,buchberger,theories/Term.v,0,no_proof_parsed,,249,0,-1,no_proof_parsed,1,32654,512,12830,19312,19267,stdout_last_line
7851,1,20,compcert,lib/Integers.v,0,post_copy_make_failed,rc=2,27,2,-1,post_copy_make_failed,,,,,,,
7851,2,20,compcert,lib/Integers.v,0,post_copy_make_failed,rc=2,27,2,-1,post_copy_make_failed,,,,,,,
7851,3,20,compcert,lib/Integers.v,0,post_copy_make_failed,rc=2,26,2,-1,post_copy_make_failed,,,,,,,
7851,4,20,compcert,lib/Integers.v,0,post_copy_make_failed,rc=2,27,2,-1,post_copy_make_failed,,,,,,,
7851,5,20,compcert,lib/Integers.v,0,post_copy_make_failed,rc=2,27,2,-1,post_copy_make_failed,,,,,,,
7851,6,20,compcert,lib/Integers.v,0,post_copy_make_failed,rc=2,28,2,-1,post_copy_make_failed,,,,,,,
7851,7,20,compcert,lib/Integers.v,0,post_copy_make_failed,rc=2,28,2,-1,post_copy_make_failed,,,,,,,
7851,8,20,compcert,lib/Integers.v,0,post_copy_make_failed,rc=2,27,2,-1,post_copy_make_failed,,,,,,,
7851,9,20,compcert,lib/Integers.v,0,post_copy_make_failed,rc=2,27,2,-1,post_copy_make_failed,,,,,,,
7851,10,20,compcert,lib/Integers.v,0,post_copy_make_failed,rc=2,28,2,-1,post_copy_make_failed,,,,,,,
7851,11,20,compcert,lib/Integers.v,0,post_copy_make_failed,rc=2,28,2,-1,post_copy_make_failed,,,,,,,
7851,12,20,compcert,lib/Integers.v,0,post_copy_make_failed,rc=2,29,2,-1,post_copy_make_failed,,,,,,,
7851,13,20,compcert,lib/Integers.v,0,post_copy_make_failed,rc=2,28,2,-1,post_copy_make_failed,,,,,,,
7851,14,20,compcert,lib/Integers.v,0,post_copy_make_failed,rc=2,28,2,-1,post_copy_make_failed,,,,,,,
7851,15,20,compcert,lib/Integers.v,0,post_copy_make_failed,rc=2,27,2,-1,post_copy_make_failed,,,,,,,
7851,16,20,compcert,lib/Integers.v,0,post_copy_make_failed,rc=2,27,2,-1,post_copy_make_failed,,,,,,,
7851,17,20,compcert,lib/Integers.v,0,post_copy_make_failed,rc=2,26,2,-1,post_copy_make_failed,,,,,,,
7851,18,20,compcert,lib/Integers.v,0,post_copy_make_failed,rc=2,27,2,-1,post_copy_make_failed,,,,,,,
7851,19,20,compcert,lib/Integers.v,0,post_copy_make_failed,rc=2,26,2,-1,post_copy_make_failed,,,,,,,
7851,20,20,compcert,lib/Integers.v,0,post_copy_make_failed,rc=2,26,2,-1,post_copy_make_failed,,,,,,,
7888,1,20,compcert,common/Memdata.v,0,no_proof_parsed,,278,0,-1,no_proof_parsed,1,26676,768,7411,18497,18199,stdout_last_line
7888,2,20,compcert,common/Memdata.v,0,no_proof_parsed,,484,0,-1,no_proof_parsed,1,46843,384,7795,38664,38190,stdout_last_line
7888,3,20,compcert,common/Memdata.v,0,no_proof_parsed,,391,0,-1,no_proof_parsed,1,44165,384,7795,35986,35577,stdout_last_line
7888,4,20,compcert,common/Memdata.v,0,no_proof_parsed,,472,0,-1,no_proof_parsed,1,33727,384,7795,25548,25491,stdout_last_line
7888,5,20,compcert,common/Memdata.v,0,no_proof_parsed,,615,0,-1,no_proof_parsed,1,28380,384,7795,20201,19843,stdout_last_line
7888,6,20,compcert,common/Memdata.v,0,no_proof_parsed,,575,0,-1,no_proof_parsed,1,41130,384,7795,32951,32541,stdout_last_line
7888,7,20,compcert,common/Memdata.v,0,no_proof_parsed,,485,0,-1,no_proof_parsed,1,49861,384,7795,41682,41433,stdout_last_line
7888,8,20,compcert,common/Memdata.v,0,no_proof_parsed,,734,0,-1,no_proof_parsed,1,57708,384,7795,49529,49401,stdout_last_line
7888,9,20,compcert,common/Memdata.v,0,no_proof_parsed,,752,0,-1,no_proof_parsed,1,54464,384,7795,46285,46001,stdout_last_line
7888,10,20,compcert,common/Memdata.v,0,no_proof_parsed,,716,0,-1,no_proof_parsed,1,67799,896,7283,59620,59479,stdout_last_line
7888,11,20,compcert,common/Memdata.v,0,no_proof_parsed,,523,0,-1,no_proof_parsed,1,30129,384,7795,21950,21848,stdout_last_line
7888,12,20,compcert,common/Memdata.v,0,no_proof_parsed,,923,0,-1,no_proof_parsed,1,66137,512,7667,57958,57796,stdout_last_line
7888,13,20,compcert,common/Memdata.v,0,no_proof_parsed,,247,0,-1,no_proof_parsed,1,28735,512,7667,20556,20113,stdout_last_line
7888,14,20,compcert,common/Memdata.v,0,no_proof_parsed,,312,0,-1,no_proof_parsed,1,31858,512,7667,23679,23269,stdout_last_line
7888,15,20,compcert,common/Memdata.v,0,no_proof_parsed,,509,0,-1,no_proof_parsed,1,58811,384,7795,50632,50298,stdout_last_line
7888,16,20,compcert,common/Memdata.v,0,no_proof_parsed,,610,0,-1,no_proof_parsed,1,43743,1280,6899,35564,35432,stdout_last_line
7888,17,20,compcert,common/Memdata.v,0,no_proof_parsed,,379,0,-1,no_proof_parsed,1,27584,1280,6899,19405,19290,stdout_last_line
7888,18,20,compcert,common/Memdata.v,0,no_proof_parsed,,449,0,-1,no_proof_parsed,1,51572,768,7411,43393,42951,stdout_last_line
7888,19,20,compcert,common/Memdata.v,0,no_proof_parsed,,429,0,-1,no_proof_parsed,1,49714,384,7795,41535,41046,stdout_last_line
7888,20,20,compcert,common/Memdata.v,0,no_proof_parsed,,1173,0,-1,no_proof_parsed,1,39865,8064,115,31686,31204,stdout_last_line
8485,1,20,buchberger,theories/Buch.v,0,no_proof_parsed,,707,0,-1,no_proof_parsed,1,61780,640,31600,29540,28935,stdout_last_line
8485,2,20,buchberger,theories/Buch.v,0,no_proof_parsed,,547,0,-1,no_proof_parsed,1,47661,640,31600,15421,14808,stdout_last_line
8485,3,20,buchberger,theories/Buch.v,0,runtime_error,prover err: None,386,0,-1,runtime_error,1,57612,640,31163,25809,24878,stdout_last_line
8485,4,20,buchberger,theories/Buch.v,0,runtime_error,prover err: None,551,0,-1,runtime_error,1,70126,640,31533,37953,37138,stdout_last_line
8485,5,20,buchberger,theories/Buch.v,0,no_proof_parsed,,728,0,-1,no_proof_parsed,1,53821,768,31471,21582,20975,stdout_last_line
8485,6,20,buchberger,theories/Buch.v,0,no_proof_parsed,,538,0,-1,no_proof_parsed,1,52939,640,31483,20816,20180,stdout_last_line
8485,7,20,buchberger,theories/Buch.v,0,no_proof_parsed,,356,0,-1,no_proof_parsed,1,66556,640,31483,34433,33685,stdout_last_line
8485,8,20,buchberger,theories/Buch.v,0,no_proof_parsed,,692,0,-1,no_proof_parsed,1,65386,640,31600,33146,32128,stdout_last_line
8485,9,20,buchberger,theories/Buch.v,0,no_proof_parsed,,564,0,-1,no_proof_parsed,1,65934,640,31600,33694,32901,stdout_last_line
8485,10,20,buchberger,theories/Buch.v,0,no_proof_parsed,,358,0,-1,no_proof_parsed,1,50517,640,31533,18344,17496,stdout_last_line
8485,11,20,buchberger,theories/Buch.v,0,no_proof_parsed,,254,0,-1,no_proof_parsed,1,56540,640,31600,24300,23383,stdout_last_line
8485,12,20,buchberger,theories/Buch.v,0,no_proof_parsed,,616,0,-1,no_proof_parsed,1,57082,640,31600,24842,24125,stdout_last_line
8485,13,20,buchberger,theories/Buch.v,0,runtime_error,prover err: None,360,0,-1,runtime_error,1,63272,640,31483,31149,30312,stdout_last_line
8485,14,20,buchberger,theories/Buch.v,0,no_proof_parsed,,506,0,-1,no_proof_parsed,1,63017,640,31533,30844,30045,stdout_last_line
8485,15,20,buchberger,theories/Buch.v,0,no_proof_parsed,,682,0,-1,no_proof_parsed,1,58824,640,31483,26701,25844,stdout_last_line
8485,16,20,buchberger,theories/Buch.v,0,no_proof_parsed,,371,0,-1,no_proof_parsed,1,48910,640,31600,16670,16142,stdout_last_line
8485,17,20,buchberger,theories/Buch.v,0,no_proof_parsed,,523,0,-1,no_proof_parsed,1,53251,640,31600,21011,20265,stdout_last_line
8485,18,20,buchberger,theories/Buch.v,0,no_proof_parsed,,392,0,-1,no_proof_parsed,1,48856,640,31599,16617,16012,stdout_last_line
8485,19,20,buchberger,theories/Buch.v,0,no_proof_parsed,,609,0,-1,no_proof_parsed,1,59262,768,31471,27023,26491,stdout_last_line
8485,20,20,buchberger,theories/Buch.v,0,no_proof_parsed,,246,0,-1,no_proof_parsed,1,55377,640,31483,23254,22331,stdout_last_line
8491,1,20,buchberger,theories/DivTerm.v,0,no_proof_parsed,,361,0,-1,no_proof_parsed,1,44967,512,9536,34919,34117,stdout_last_line
8491,2,20,buchberger,theories/DivTerm.v,0,no_proof_parsed,,577,0,-1,no_proof_parsed,1,64957,512,9536,54909,54707,stdout_last_line
8491,3,20,buchberger,theories/DivTerm.v,0,no_proof_parsed,,368,0,-1,no_proof_parsed,1,51737,512,9536,41689,40330,stdout_last_line
8491,4,20,buchberger,theories/DivTerm.v,0,no_proof_parsed,,484,0,-1,no_proof_parsed,1,55732,640,9408,45684,44763,stdout_last_line
8491,5,20,buchberger,theories/DivTerm.v,0,no_proof_parsed,,448,0,-1,no_proof_parsed,1,54398,640,9408,44350,43132,stdout_last_line
8491,6,20,buchberger,theories/DivTerm.v,0,no_proof_parsed,,448,0,-1,no_proof_parsed,1,52607,640,9408,42559,41599,stdout_last_line
8491,7,20,buchberger,theories/DivTerm.v,0,no_proof_parsed,,542,0,-1,no_proof_parsed,1,65238,640,9408,55190,54292,stdout_last_line
8491,8,20,buchberger,theories/DivTerm.v,0,no_proof_parsed,,543,0,-1,no_proof_parsed,1,58853,512,9536,48805,48032,stdout_last_line
8491,9,20,buchberger,theories/DivTerm.v,0,no_proof_parsed,,935,0,-1,no_proof_parsed,1,71336,9984,64,61288,60237,stdout_last_line
8491,10,20,buchberger,theories/DivTerm.v,0,no_proof_parsed,,467,0,-1,no_proof_parsed,1,54817,512,9536,44769,43970,stdout_last_line
8491,11,20,buchberger,theories/DivTerm.v,0,no_proof_parsed,,380,0,-1,no_proof_parsed,1,51822,512,9536,41774,40413,stdout_last_line
8491,12,20,buchberger,theories/DivTerm.v,0,no_proof_parsed,,600,0,-1,no_proof_parsed,1,65152,640,9408,55104,54137,stdout_last_line
8491,13,20,buchberger,theories/DivTerm.v,0,no_proof_parsed,,661,0,-1,no_proof_parsed,1,74701,640,9408,64653,63306,stdout_last_line
8491,14,20,buchberger,theories/DivTerm.v,0,no_proof_parsed,,527,0,-1,no_proof_parsed,1,63659,640,9408,53611,52514,stdout_last_line
8491,15,20,buchberger,theories/DivTerm.v,0,no_proof_parsed,,287,0,-1,no_proof_parsed,1,45236,640,9408,35188,34352,stdout_last_line
8491,16,20,buchberger,theories/DivTerm.v,0,no_proof_parsed,,515,0,-1,no_proof_parsed,1,63031,512,9536,52983,52137,stdout_last_line
8491,17,20,buchberger,theories/DivTerm.v,0,no_proof_parsed,,571,0,-1,no_proof_parsed,1,65737,640,9408,55689,54679,stdout_last_line
8491,18,20,buchberger,theories/DivTerm.v,0,no_proof_parsed,,1059,0,-1,no_proof_parsed,1,56922,9984,64,46874,45924,stdout_last_line
8491,19,20,buchberger,theories/DivTerm.v,0,no_proof_parsed,,453,0,-1,no_proof_parsed,1,52012,768,9280,41964,40818,stdout_last_line
8491,20,20,buchberger,theories/DivTerm.v,0,no_proof_parsed,,439,0,-1,no_proof_parsed,1,50158,512,9536,40110,39320,stdout_last_line
8768,1,20,fourcolor,theories/realprop.v,0,runtime_error,prover err: None,186,0,-1,runtime_error,1,25577,384,11133,14060,14022,stdout_last_line
8768,2,20,fourcolor,theories/realprop.v,0,runtime_error,prover err: None,110,0,-1,runtime_error,1,17017,384,11133,5500,5470,stdout_last_line
8768,3,20,fourcolor,theories/realprop.v,0,runtime_error,prover err: None,235,0,-1,runtime_error,1,27742,384,11650,15708,15679,stdout_last_line
8768,4,20,fourcolor,theories/realprop.v,0,runtime_error,prover err: None,78,0,-1,runtime_error,1,15101,1280,10237,3584,3569,stdout_last_line
8768,5,20,fourcolor,theories/realprop.v,0,runtime_error,prover err: None,166,0,-1,runtime_error,1,23513,384,11650,11479,11452,stdout_last_line
8768,6,20,fourcolor,theories/realprop.v,0,runtime_error,prover err: None,176,0,-1,runtime_error,1,23392,384,9956,13052,13022,stdout_last_line
8768,7,20,fourcolor,theories/realprop.v,0,runtime_error,prover err: None,130,0,-1,runtime_error,1,19375,1408,8932,9035,9010,stdout_last_line
8768,8,20,fourcolor,theories/realprop.v,0,runtime_error,prover err: None,207,0,-1,runtime_error,1,24545,2048,9449,13048,13018,stdout_last_line
8768,9,20,fourcolor,theories/realprop.v,0,runtime_error,prover err: None,60,0,-1,runtime_error,1,11982,1280,9060,1642,1630,stdout_last_line
8768,10,20,fourcolor,theories/realprop.v,0,runtime_error,prover err: None,264,0,-1,runtime_error,1,28500,2048,8292,18160,18128,stdout_last_line
8768,11,20,fourcolor,theories/realprop.v,0,runtime_error,prover err: None,105,0,-1,runtime_error,1,16436,1408,8932,6096,6069,stdout_last_line
8768,12,20,fourcolor,theories/realprop.v,0,runtime_error,prover err: None,147,0,-1,runtime_error,1,21268,1280,10217,9771,9748,stdout_last_line
8768,13,20,fourcolor,theories/realprop.v,0,runtime_error,prover err: None,243,0,-1,runtime_error,1,30554,3328,8189,19037,19000,stdout_last_line
8768,14,20,fourcolor,theories/realprop.v,0,runtime_error,prover err: None,141,0,-1,runtime_error,1,17958,1280,9060,7618,7581,stdout_last_line
8768,15,20,fourcolor,theories/realprop.v,0,runtime_error,prover err: None,269,0,-1,runtime_error,1,30095,1408,10089,18598,18558,stdout_last_line
8768,16,20,fourcolor,theories/realprop.v,0,runtime_error,prover err: None,148,0,-1,runtime_error,1,20441,1536,9961,8944,8916,stdout_last_line
8768,17,20,fourcolor,theories/realprop.v,0,runtime_error,prover err: None division by zero,33,0,-1,runtime_error,,,,,,,
8768,18,20,fourcolor,theories/realprop.v,0,runtime_error,prover err: None,104,0,-1,runtime_error,1,16174,1536,8804,5834,5805,stdout_last_line
8768,19,20,fourcolor,theories/realprop.v,0,runtime_error,prover err: None,92,0,-1,runtime_error,1,16210,1280,10217,4713,4679,stdout_last_line
8768,20,20,fourcolor,theories/realprop.v,0,runtime_error,prover err: None,208,0,-1,runtime_error,1,27923,2048,9469,16406,16359,stdout_last_line
8825,1,20,compcert,flocq/IEEE754/BinarySingleNaN.v,0,no_proof_parsed,,1831,0,-1,no_proof_parsed,,,,,,,
8825,2,20,compcert,flocq/IEEE754/BinarySingleNaN.v,0,no_proof_parsed,,1048,0,-1,no_proof_parsed,1,117937,384,8387,109166,105754,stdout_last_line
8825,3,20,compcert,flocq/IEEE754/BinarySingleNaN.v,0,no_proof_parsed,,1156,0,-1,no_proof_parsed,1,75986,8320,109,67557,67412,stdout_last_line
8825,4,20,compcert,flocq/IEEE754/BinarySingleNaN.v,0,no_proof_parsed,,784,0,-1,no_proof_parsed,1,59721,384,8045,51292,51036,stdout_last_line
8825,5,20,compcert,flocq/IEEE754/BinarySingleNaN.v,0,no_proof_parsed,,1000,0,-1,no_proof_parsed,1,116522,384,8387,107751,105965,stdout_last_line
8825,6,20,compcert,flocq/IEEE754/BinarySingleNaN.v,0,no_proof_parsed,,895,0,-1,no_proof_parsed,1,89054,512,8259,80283,79100,stdout_last_line
8825,7,20,compcert,flocq/IEEE754/BinarySingleNaN.v,0,no_proof_parsed,,1183,0,-1,no_proof_parsed,1,95795,8576,55,87164,85563,stdout_last_line
8825,8,20,compcert,flocq/IEEE754/BinarySingleNaN.v,0,no_proof_parsed,,942,0,-1,no_proof_parsed,1,94973,384,8387,86202,84751,stdout_last_line
8825,9,20,compcert,flocq/IEEE754/BinarySingleNaN.v,0,no_proof_parsed,,1830,0,-1,no_proof_parsed,,,,,,,
8825,10,20,compcert,flocq/IEEE754/BinarySingleNaN.v,0,no_proof_parsed,,483,0,-1,no_proof_parsed,1,54517,384,8045,46088,45352,stdout_last_line
8825,11,20,compcert,flocq/IEEE754/BinarySingleNaN.v,0,no_proof_parsed,,1072,0,-1,no_proof_parsed,1,104938,512,8119,96307,96268,stdout_last_line
8825,12,20,compcert,flocq/IEEE754/BinarySingleNaN.v,0,no_proof_parsed,,932,0,-1,no_proof_parsed,1,87314,512,8259,78543,78395,stdout_last_line
8825,13,20,compcert,flocq/IEEE754/BinarySingleNaN.v,0,no_proof_parsed,,238,0,-1,no_proof_parsed,1,27003,512,7893,18598,18598,stdout_last_line
8825,14,20,compcert,flocq/IEEE754/BinarySingleNaN.v,0,no_proof_parsed,,942,0,-1,no_proof_parsed,1,93885,384,8387,85114,83797,stdout_last_line
8825,15,20,compcert,flocq/IEEE754/BinarySingleNaN.v,0,no_proof_parsed,,626,0,-1,no_proof_parsed,1,74229,384,8247,65598,62974,stdout_last_line
8825,16,20,compcert,flocq/IEEE754/BinarySingleNaN.v,0,runtime_error,prover err: None [Errno 32] Broken pipe,1316,0,-1,runtime_error,,,,,,,
8825,17,20,compcert,flocq/IEEE754/BinarySingleNaN.v,0,no_proof_parsed,,1211,0,-1,no_proof_parsed,1,90800,512,7917,82371,82245,stdout_last_line
8825,18,20,compcert,flocq/IEEE754/BinarySingleNaN.v,0,no_proof_parsed,,1112,0,-1,no_proof_parsed,1,115422,512,8119,106791,103223,stdout_last_line
8825,19,20,compcert,flocq/IEEE754/BinarySingleNaN.v,0,no_proof_parsed,,1107,0,-1,no_proof_parsed,1,116776,384,8247,108145,106321,stdout_last_line
8825,20,20,compcert,flocq/IEEE754/BinarySingleNaN.v,0,no_proof_parsed,,1085,0,-1,no_proof_parsed,1,110993,384,8387,102222,101742,stdout_last_line
9923,1,20,compcert,flocq/Core/Generic_fmt.v,0,no_proof_parsed,,321,0,-1,no_proof_parsed,1,35300,384,5017,29899,29425,stdout_last_line
9923,2,20,compcert,flocq/Core/Generic_fmt.v,0,no_proof_parsed,,362,0,-1,no_proof_parsed,1,36592,512,4452,31628,31248,stdout_last_line
9923,3,20,compcert,flocq/Core/Generic_fmt.v,0,no_proof_parsed,,324,0,-1,no_proof_parsed,1,33173,384,4577,28212,27790,stdout_last_line
9923,4,20,compcert,flocq/Core/Generic_fmt.v,1,success,,316,0,0,,1,28103,384,5017,22702,22216,stdout_last_line
10252,1,20,fourcolor,theories/cfcolor.v,0,no_proof_parsed,,1824,0,-1,no_proof_parsed,,,,,,,
10252,2,20,fourcolor,theories/cfcolor.v,0,no_proof_parsed,,992,0,-1,no_proof_parsed,1,97751,512,7527,89712,89574,stdout_last_line
10252,3,20,fourcolor,theories/cfcolor.v,0,no_proof_parsed,,1111,0,-1,no_proof_parsed,1,120159,384,7658,112117,111926,stdout_last_line
10252,4,20,fourcolor,theories/cfcolor.v,0,no_proof_parsed,,1017,0,-1,no_proof_parsed,1,107035,512,7513,99010,98957,stdout_last_line
10252,5,20,fourcolor,theories/cfcolor.v,0,no_proof_parsed,,623,0,-1,no_proof_parsed,1,76878,512,7527,68839,68209,stdout_last_line
10252,6,20,fourcolor,theories/cfcolor.v,0,no_proof_parsed,,793,0,-1,no_proof_parsed,1,88659,512,7593,80554,80157,stdout_last_line
10252,7,20,fourcolor,theories/cfcolor.v,0,no_proof_parsed,,917,0,-1,no_proof_parsed,1,84993,640,7399,76954,76939,stdout_last_line
10252,8,20,fourcolor,theories/cfcolor.v,0,runtime_error,prover err: None Connection error.,702,0,-1,runtime_error,,,,,,,
10252,9,20,fourcolor,theories/cfcolor.v,0,no_proof_parsed,,1790,0,-1,no_proof_parsed,1,100784,7936,106,92742,92472,stdout_last_line
10252,10,20,fourcolor,theories/cfcolor.v,0,no_proof_parsed,,1188,0,-1,no_proof_parsed,1,115625,640,7405,107580,107434,stdout_last_line
10252,11,20,fourcolor,theories/cfcolor.v,0,no_proof_parsed,,903,0,-1,no_proof_parsed,1,102271,512,7513,94246,92983,stdout_last_line
10252,12,20,fourcolor,theories/cfcolor.v,0,no_proof_parsed,,993,0,-1,no_proof_parsed,1,105940,384,7641,97915,97874,stdout_last_line
10252,13,20,fourcolor,theories/cfcolor.v,0,no_proof_parsed,,903,0,-1,no_proof_parsed,1,97237,640,7465,89132,88791,stdout_last_line
10252,14,20,fourcolor,theories/cfcolor.v,0,no_proof_parsed,,703,0,-1,no_proof_parsed,1,70806,512,7513,62781,62745,stdout_last_line
10252,15,20,fourcolor,theories/cfcolor.v,0,no_proof_parsed,,1019,0,-1,no_proof_parsed,1,93526,384,7641,85501,85380,stdout_last_line
10252,16,20,fourcolor,theories/cfcolor.v,0,no_proof_parsed,,876,0,-1,no_proof_parsed,1,93920,640,7399,85881,85804,stdout_last_line
10252,17,20,fourcolor,theories/cfcolor.v,0,no_proof_parsed,,998,0,-1,no_proof_parsed,1,103226,384,7509,95333,95070,stdout_last_line
10252,18,20,fourcolor,theories/cfcolor.v,0,no_proof_parsed,,1229,0,-1,no_proof_parsed,1,138965,640,7253,131072,131072,stdout_last_line
10252,19,20,fourcolor,theories/cfcolor.v,0,no_proof_parsed,,1158,0,-1,no_proof_parsed,1,113465,384,7509,105572,105521,stdout_last_line
10252,20,20,fourcolor,theories/cfcolor.v,0,no_proof_parsed,,922,0,-1,no_proof_parsed,1,105152,384,7655,97113,95905,stdout_last_line
10337,1,20,compcert,backend/Allocproof.v,0,post_copy_make_failed,rc=2,117,2,-1,post_copy_make_failed,,,,,,,
10337,2,20,compcert,backend/Allocproof.v,0,post_copy_make_failed,rc=2,113,2,-1,post_copy_make_failed,,,,,,,
10337,3,20,compcert,backend/Allocproof.v,0,post_copy_make_failed,rc=2,112,2,-1,post_copy_make_failed,,,,,,,
10337,4,20,compcert,backend/Allocproof.v,0,post_copy_make_failed,rc=2,114,2,-1,post_copy_make_failed,,,,,,,
10337,5,20,compcert,backend/Allocproof.v,0,post_copy_make_failed,rc=2,116,2,-1,post_copy_make_failed,,,,,,,
10337,6,20,compcert,backend/Allocproof.v,0,post_copy_make_failed,rc=2,109,2,-1,post_copy_make_failed,,,,,,,
10337,7,20,compcert,backend/Allocproof.v,0,post_copy_make_failed,rc=2,112,2,-1,post_copy_make_failed,,,,,,,
10337,8,20,compcert,backend/Allocproof.v,0,post_copy_make_failed,rc=2,114,2,-1,post_copy_make_failed,,,,,,,
10337,9,20,compcert,backend/Allocproof.v,0,post_copy_make_failed,rc=2,112,2,-1,post_copy_make_failed,,,,,,,
10337,10,20,compcert,backend/Allocproof.v,0,post_copy_make_failed,rc=2,114,2,-1,post_copy_make_failed,,,,,,,
10337,11,20,compcert,backend/Allocproof.v,0,post_copy_make_failed,rc=2,113,2,-1,post_copy_make_failed,,,,,,,
10337,12,20,compcert,backend/Allocproof.v,0,post_copy_make_failed,rc=2,114,2,-1,post_copy_make_failed,,,,,,,
10337,13,20,compcert,backend/Allocproof.v,0,post_copy_make_failed,rc=2,119,2,-1,post_copy_make_failed,,,,,,,
10337,14,20,compcert,backend/Allocproof.v,0,post_copy_make_failed,rc=2,107,2,-1,post_copy_make_failed,,,,,,,
10337,15,20,compcert,backend/Allocproof.v,0,post_copy_make_failed,rc=2,110,2,-1,post_copy_make_failed,,,,,,,
10337,16,20,compcert,backend/Allocproof.v,0,post_copy_make_failed,rc=2,112,2,-1,post_copy_make_failed,,,,,,,
10337,17,20,compcert,backend/Allocproof.v,0,post_copy_make_failed,rc=2,113,2,-1,post_copy_make_failed,,,,,,,
10337,18,20,compcert,backend/Allocproof.v,0,post_copy_make_failed,rc=2,109,2,-1,post_copy_make_failed,,,,,,,
10337,19,20,compcert,backend/Allocproof.v,0,post_copy_make_failed,rc=2,112,2,-1,post_copy_make_failed,,,,,,,
10337,20,20,compcert,backend/Allocproof.v,0,post_copy_make_failed,rc=2,117,2,-1,post_copy_make_failed,,,,,,,
10362,1,20,buchberger,theories/Pmults.v,0,no_proof_parsed,,372,0,-1,no_proof_parsed,1,39996,512,21068,18416,18292,stdout_last_line
10362,2,20,buchberger,theories/Pmults.v,0,no_proof_parsed,,224,0,-1,no_proof_parsed,1,37681,640,20940,16101,15968,stdout_last_line
10362,3,20,buchberger,theories/Pmults.v,0,no_proof_parsed,,273,0,-1,no_proof_parsed,1,34827,640,20940,13247,13073,stdout_last_line
10362,4,20,buchberger,theories/Pmults.v,0,no_proof_parsed,,382,0,-1,no_proof_parsed,1,43458,512,21068,21878,21755,stdout_last_line
10362,5,20,buchberger,theories/Pmults.v,0,no_proof_parsed,,106,0,-1,no_proof_parsed,1,30997,640,20896,9461,9285,stdout_last_line
10362,6,20,buchberger,theories/Pmults.v,0,no_proof_parsed,,75,0,-1,no_proof_parsed,1,27459,512,21068,5879,5770,stdout_last_line
10362,7,20,buchberger,theories/Pmults.v,0,no_proof_parsed,,216,0,-1,no_proof_parsed,1,24343,640,20940,2763,2666,stdout_last_line
10362,8,20,buchberger,theories/Pmults.v,0,no_proof_parsed,,78,0,-1,no_proof_parsed,1,28595,640,20896,7059,6774,stdout_last_line
10362,9,20,buchberger,theories/Pmults.v,0,no_proof_parsed,,277,0,-1,no_proof_parsed,1,28258,512,21068,6678,6492,stdout_last_line
10362,10,20,buchberger,theories/Pmults.v,0,no_proof_parsed,,226,0,-1,no_proof_parsed,1,29883,640,20940,8303,8175,stdout_last_line
10362,11,20,buchberger,theories/Pmults.v,0,no_proof_parsed,,833,0,-1,no_proof_parsed,1,33707,640,20940,12127,12019,stdout_last_line
10362,12,20,buchberger,theories/Pmults.v,0,no_proof_parsed,,106,0,-1,no_proof_parsed,1,31251,640,20940,9671,9525,stdout_last_line
10362,13,20,buchberger,theories/Pmults.v,0,no_proof_parsed,,94,0,-1,no_proof_parsed,1,30893,640,20940,9313,9177,stdout_last_line
10362,14,20,buchberger,theories/Pmults.v,0,no_proof_parsed,,212,0,-1,no_proof_parsed,1,26947,512,20887,5548,5388,stdout_last_line
10362,15,20,buchberger,theories/Pmults.v,0,no_proof_parsed,,195,0,-1,no_proof_parsed,1,25967,640,20941,4386,4306,stdout_last_line
10362,16,20,buchberger,theories/Pmults.v,0,no_proof_parsed,,842,0,-1,no_proof_parsed,1,33902,640,20896,12366,12279,stdout_last_line
10362,17,20,buchberger,theories/Pmults.v,0,no_proof_parsed,,202,0,-1,no_proof_parsed,1,26732,512,21068,5152,5002,stdout_last_line
10362,18,20,buchberger,theories/Pmults.v,0,no_proof_parsed,,141,0,-1,no_proof_parsed,1,34209,640,20941,12628,12446,stdout_last_line
10362,19,20,buchberger,theories/Pmults.v,0,no_proof_parsed,,124,0,-1,no_proof_parsed,1,25039,640,20940,3459,3383,stdout_last_line
10362,20,20,buchberger,theories/Pmults.v,0,no_proof_parsed,,164,0,-1,no_proof_parsed,1,33590,640,20759,12191,12026,stdout_last_line
